user_id,topic_id,message_id,action_type,server_response,action_date
1.0,,,first_visit,True,2026-02-01 07:34:08
2.0,,,first_visit,True,2026-02-01 22:48:06
3.0,,,first_visit,True,2026-02-01 07:50:12
4.0,,,first_visit,True,2026-02-01 22:09:18
5.0,,,first_visit,True,2026-02-01 13:52:53
6.0,,,first_visit,True,2026-02-01 17:30:56
7.0,,,first_visit,True,2026-02-02 00:11:43
8.0,,,first_visit,True,2026-02-02 02:26:20
9.0,,,first_visit,True,2026-02-02 19:04:55
10.0,,,first_visit,True,2026-02-02 12:39:16
11.0,,,first_visit,True,2026-02-02 09:23:51
12.0,,,first_visit,True,2026-02-02 19:32:48
13.0,,,first_visit,True,2026-02-02 22:05:03
14.0,,,first_visit,True,2026-02-02 19:55:17
15.0,,,first_visit,True,2026-02-03 05:36:53
16.0,,,first_visit,True,2026-02-03 22:38:51
17.0,,,first_visit,True,2026-02-03 01:22:04
18.0,,,first_visit,True,2026-02-03 17:28:18
19.0,,,first_visit,True,2026-02-03 21:09:49
20.0,,,first_visit,True,2026-02-03 09:02:26
21.0,,,first_visit,True,2026-02-03 02:46:17
22.0,,,first_visit,True,2026-02-04 05:30:04
23.0,,,first_visit,True,2026-02-04 09:53:38
24.0,,,first_visit,True,2026-02-04 15:50:27
25.0,,,first_visit,True,2026-02-04 00:06:46
26.0,,,first_visit,True,2026-02-04 22:53:31
27.0,,,first_visit,True,2026-02-04 19:44:34
28.0,,,first_visit,True,2026-02-04 17:54:17
29.0,,,first_visit,True,2026-02-04 22:18:43
30.0,,,first_visit,True,2026-02-04 12:15:54
31.0,,,first_visit,True,2026-02-05 22:53:52
32.0,,,first_visit,True,2026-02-05 05:41:42
33.0,,,first_visit,True,2026-02-05 18:53:56
34.0,,,first_visit,True,2026-02-05 02:04:38
35.0,,,first_visit,True,2026-02-05 04:05:45
36.0,,,first_visit,True,2026-02-05 15:45:55
37.0,,,first_visit,True,2026-02-04 23:07:46
38.0,,,first_visit,True,2026-02-05 20:08:57
39.0,,,first_visit,True,2026-02-05 11:47:12
40.0,,,first_visit,True,2026-02-05 23:00:28
41.0,,,first_visit,True,2026-02-06 03:22:42
42.0,,,first_visit,True,2026-02-06 08:31:50
43.0,,,first_visit,True,2026-02-06 14:59:26
44.0,,,first_visit,True,2026-02-06 13:22:58
45.0,,,first_visit,True,2026-02-06 21:01:12
46.0,,,first_visit,True,2026-02-07 10:30:38
47.0,,,first_visit,True,2026-02-07 01:22:29
48.0,,,first_visit,True,2026-02-07 07:57:52
49.0,,,first_visit,True,2026-02-07 03:16:27
50.0,,,first_visit,True,2026-02-07 16:23:46
51.0,,,first_visit,True,2026-02-08 14:39:51
52.0,,,first_visit,True,2026-02-08 21:54:03
53.0,,,first_visit,True,2026-02-08 01:51:28
54.0,,,first_visit,True,2026-02-08 03:38:17
55.0,,,first_visit,True,2026-02-08 10:07:01
56.0,,,first_visit,True,2026-02-08 02:05:33
57.0,,,first_visit,True,2026-02-08 09:00:44
58.0,,,first_visit,True,2026-02-08 12:48:13
59.0,,,first_visit,True,2026-02-08 04:47:34
60.0,,,first_visit,True,2026-02-08 21:48:11
61.0,,,first_visit,True,2026-02-09 12:38:48
62.0,,,first_visit,True,2026-02-09 08:28:37
63.0,,,first_visit,True,2026-02-09 12:36:44
64.0,,,first_visit,True,2026-02-09 19:38:00
65.0,,,first_visit,True,2026-02-09 22:18:36
66.0,,,first_visit,True,2026-02-09 15:43:27
67.0,,,first_visit,True,2026-02-09 08:17:14
68.0,,,first_visit,True,2026-02-09 03:21:41
69.0,,,first_visit,True,2026-02-09 13:50:52
70.0,,,first_visit,True,2026-02-09 20:48:27
71.0,,,first_visit,True,2026-02-10 09:00:03
72.0,,,first_visit,True,2026-02-10 15:30:34
73.0,,,first_visit,True,2026-02-10 16:43:38
74.0,,,first_visit,True,2026-02-10 11:53:05
75.0,,,first_visit,True,2026-02-10 19:06:59
76.0,,,first_visit,True,2026-02-10 12:15:30
77.0,,,first_visit,True,2026-02-10 20:58:38
78.0,,,first_visit,True,2026-02-10 20:13:22
79.0,,,first_visit,True,2026-02-09 23:58:14
80.0,,,first_visit,True,2026-02-10 02:07:41
81.0,,,first_visit,True,2026-02-11 18:39:19
82.0,,,first_visit,True,2026-02-11 07:53:26
83.0,,,first_visit,True,2026-02-11 04:40:47
84.0,,,first_visit,True,2026-02-11 17:55:56
85.0,,,first_visit,True,2026-02-11 06:49:38
86.0,,,first_visit,True,2026-02-11 08:58:45
87.0,,,first_visit,True,2026-02-11 17:32:11
88.0,,,first_visit,True,2026-02-12 13:17:22
89.0,,,first_visit,True,2026-02-12 22:03:09
90.0,,,first_visit,True,2026-02-12 20:47:17
91.0,,,first_visit,True,2026-02-12 09:43:40
92.0,,,first_visit,True,2026-02-11 23:52:42
93.0,,,first_visit,True,2026-02-12 19:34:16
94.0,,,first_visit,True,2026-02-13 15:02:20
95.0,,,first_visit,True,2026-02-13 14:53:00
96.0,,,first_visit,True,2026-02-13 10:18:11
97.0,,,first_visit,True,2026-02-13 19:02:47
98.0,,,first_visit,True,2026-02-13 03:34:48
99.0,,,first_visit,True,2026-02-13 16:09:20
100.0,,,first_visit,True,2026-02-14 18:11:57
101.0,,,first_visit,True,2026-02-14 12:17:00
102.0,,,first_visit,True,2026-02-14 18:01:03
103.0,,,first_visit,True,2026-02-14 22:38:45
104.0,,,first_visit,True,2026-02-14 17:29:14
105.0,,,first_visit,True,2026-02-14 00:33:25
106.0,,,first_visit,True,2026-02-14 02:07:29
107.0,,,first_visit,True,2026-02-15 05:08:53
108.0,,,first_visit,True,2026-02-14 23:57:01
109.0,,,first_visit,True,2026-02-15 03:23:21
110.0,,,first_visit,True,2026-02-15 00:09:12
111.0,,,first_visit,True,2026-02-15 13:42:49
112.0,,,first_visit,True,2026-02-15 19:21:31
113.0,,,first_visit,True,2026-02-15 17:29:32
114.0,,,first_visit,True,2026-02-14 23:44:28
115.0,,,first_visit,True,2026-02-15 14:09:58
116.0,,,first_visit,True,2026-02-16 08:58:02
117.0,,,first_visit,True,2026-02-16 20:34:13
118.0,,,first_visit,True,2026-02-16 14:09:46
119.0,,,first_visit,True,2026-02-16 06:11:51
120.0,,,first_visit,True,2026-02-16 01:01:50
121.0,,,first_visit,True,2026-02-16 18:56:05
122.0,,,first_visit,True,2026-02-16 20:40:39
123.0,,,first_visit,True,2026-02-16 04:39:44
124.0,,,first_visit,True,2026-02-16 19:16:12
125.0,,,first_visit,True,2026-02-17 05:23:20
126.0,,,first_visit,True,2026-02-17 02:18:05
127.0,,,first_visit,True,2026-02-17 19:00:55
128.0,,,first_visit,True,2026-02-17 17:29:46
129.0,,,first_visit,True,2026-02-17 02:56:02
130.0,,,first_visit,True,2026-02-17 01:12:06
131.0,,,first_visit,True,2026-02-17 12:59:38
132.0,,,first_visit,True,2026-02-17 16:25:07
133.0,,,first_visit,True,2026-02-18 10:30:03
134.0,,,first_visit,True,2026-02-17 23:17:21
135.0,,,first_visit,True,2026-02-18 22:07:45
136.0,,,first_visit,True,2026-02-18 23:01:19
137.0,,,first_visit,True,2026-02-18 19:00:48
138.0,,,first_visit,True,2026-02-18 09:58:36
139.0,,,first_visit,True,2026-02-19 09:25:09
140.0,,,first_visit,True,2026-02-19 14:28:39
141.0,,,first_visit,True,2026-02-19 17:34:10
142.0,,,first_visit,True,2026-02-19 16:37:33
143.0,,,first_visit,True,2026-02-19 08:08:53
144.0,,,first_visit,True,2026-02-19 22:13:29
145.0,,,first_visit,True,2026-02-19 14:34:42
146.0,,,first_visit,True,2026-02-19 13:19:53
147.0,,,first_visit,True,2026-02-19 00:50:35
148.0,,,first_visit,True,2026-02-20 10:08:23
149.0,,,first_visit,True,2026-02-20 12:43:19
150.0,,,first_visit,True,2026-02-20 07:13:30
151.0,,,first_visit,True,2026-02-20 17:44:49
152.0,,,first_visit,True,2026-02-20 21:07:04
153.0,,,first_visit,True,2026-02-20 01:24:30
154.0,,,first_visit,True,2026-02-21 00:31:52
155.0,,,first_visit,True,2026-02-21 18:55:59
156.0,,,first_visit,True,2026-02-21 11:59:14
157.0,,,first_visit,True,2026-02-21 01:29:38
158.0,,,first_visit,True,2026-02-21 14:23:59
159.0,,,first_visit,True,2026-02-22 15:46:25
160.0,,,first_visit,True,2026-02-22 22:35:43
161.0,,,first_visit,True,2026-02-22 11:42:50
162.0,,,first_visit,True,2026-02-22 08:42:14
163.0,,,first_visit,True,2026-02-22 17:17:36
164.0,,,first_visit,True,2026-02-22 21:22:51
165.0,,,first_visit,True,2026-02-22 14:18:42
166.0,,,first_visit,True,2026-02-23 20:38:08
167.0,,,first_visit,True,2026-02-23 03:16:49
168.0,,,first_visit,True,2026-02-23 14:34:44
169.0,,,first_visit,True,2026-02-23 16:09:26
170.0,,,first_visit,True,2026-02-23 19:43:56
171.0,,,first_visit,True,2026-02-23 02:33:04
172.0,,,first_visit,True,2026-02-23 10:43:43
173.0,,,first_visit,True,2026-02-23 15:50:45
174.0,,,first_visit,True,2026-02-24 15:43:32
175.0,,,first_visit,True,2026-02-24 16:55:38
176.0,,,first_visit,True,2026-02-24 05:07:34
177.0,,,first_visit,True,2026-02-24 14:59:51
178.0,,,first_visit,True,2026-02-24 12:22:06
179.0,,,first_visit,True,2026-02-24 16:39:37
180.0,,,first_visit,True,2026-02-25 18:16:56
181.0,,,first_visit,True,2026-02-25 10:32:21
182.0,,,first_visit,True,2026-02-25 08:40:49
183.0,,,first_visit,True,2026-02-25 07:26:22
184.0,,,first_visit,True,2026-02-25 00:02:18
185.0,,,first_visit,True,2026-02-26 14:31:52
186.0,,,first_visit,True,2026-02-26 10:04:05
187.0,,,first_visit,True,2026-02-26 16:43:08
188.0,,,first_visit,True,2026-02-26 05:24:09
189.0,,,first_visit,True,2026-02-26 14:48:45
190.0,,,first_visit,True,2026-02-26 06:06:08
191.0,,,first_visit,True,2026-02-26 10:04:03
192.0,,,first_visit,True,2026-02-27 09:18:06
193.0,,,first_visit,True,2026-02-27 17:39:05
194.0,,,first_visit,True,2026-02-27 13:07:01
195.0,,,first_visit,True,2026-02-27 09:02:00
196.0,,,first_visit,True,2026-02-27 11:10:23
197.0,,,first_visit,True,2026-02-27 18:40:56
198.0,,,first_visit,True,2026-02-27 18:07:59
199.0,,,first_visit,True,2026-02-28 15:25:41
200.0,,,first_visit,True,2026-02-28 06:53:09
201.0,,,first_visit,True,2026-02-28 02:47:17
202.0,,,first_visit,True,2026-02-28 20:54:49
203.0,,,first_visit,True,2026-02-28 22:32:59
204.0,,,first_visit,True,2026-02-28 04:58:43
205.0,,,first_visit,True,2026-02-28 01:30:15
206.0,,,first_visit,True,2026-02-28 10:41:22
1.0,,,registration,True,2026-02-01 08:10:08
2.0,,,registration,True,2026-02-01 22:58:06
3.0,,,registration,True,2026-02-01 08:26:12
4.0,,,registration,True,2026-02-01 22:48:18
5.0,,,registration,True,2026-02-01 14:01:53
6.0,,,registration,True,2026-02-01 18:02:56
7.0,,,registration,True,2026-02-02 01:06:43
8.0,,,registration,True,2026-02-02 03:05:20
9.0,,,registration,True,2026-02-02 19:51:55
10.0,,,registration,True,2026-02-02 13:38:16
11.0,,,registration,True,2026-02-02 10:09:51
12.0,,,registration,True,2026-02-02 20:07:48
13.0,,,registration,True,2026-02-02 22:41:03
14.0,,,registration,True,2026-02-02 20:14:17
15.0,,,registration,True,2026-02-03 05:46:53
16.0,,,registration,True,2026-02-03 22:58:51
17.0,,,registration,True,2026-02-03 02:15:04
18.0,,,registration,True,2026-02-03 18:12:18
19.0,,,registration,True,2026-02-03 21:55:49
20.0,,,registration,True,2026-02-03 09:17:26
21.0,,,registration,True,2026-02-03 03:17:17
22.0,,,registration,True,2026-02-04 06:13:04
23.0,,,registration,True,2026-02-04 10:43:38
24.0,,,registration,True,2026-02-04 16:17:27
25.0,,,registration,True,2026-02-04 00:38:46
26.0,,,registration,True,2026-02-04 22:57:31
27.0,,,registration,True,2026-02-04 20:41:34
28.0,,,registration,True,2026-02-04 18:12:17
29.0,,,registration,True,2026-02-04 22:22:43
30.0,,,registration,True,2026-02-04 12:27:54
31.0,,,registration,True,2026-02-05 23:13:52
32.0,,,registration,True,2026-02-05 06:06:42
33.0,,,registration,True,2026-02-05 19:15:56
34.0,,,registration,True,2026-02-05 02:36:38
35.0,,,registration,True,2026-02-05 04:16:45
36.0,,,registration,True,2026-02-05 15:46:55
37.0,,,registration,True,2026-02-05 00:07:46
38.0,,,registration,True,2026-02-05 21:08:57
39.0,,,registration,True,2026-02-05 11:58:12
40.0,,,registration,True,2026-02-05 23:52:28
41.0,,,registration,True,2026-02-06 04:05:42
42.0,,,registration,True,2026-02-06 08:43:50
43.0,,,registration,True,2026-02-06 15:08:26
44.0,,,registration,True,2026-02-06 13:54:58
45.0,,,registration,True,2026-02-06 21:47:12
46.0,,,registration,True,2026-02-07 11:04:38
47.0,,,registration,True,2026-02-07 02:05:29
48.0,,,registration,True,2026-02-07 08:38:52
49.0,,,registration,True,2026-02-07 04:02:27
50.0,,,registration,True,2026-02-07 17:13:46
51.0,,,registration,True,2026-02-08 15:38:51
52.0,,,registration,True,2026-02-08 22:25:03
53.0,,,registration,True,2026-02-08 02:17:28
54.0,,,registration,True,2026-02-08 04:38:17
55.0,,,registration,True,2026-02-08 10:36:01
56.0,,,registration,True,2026-02-08 02:35:33
57.0,,,registration,True,2026-02-08 09:28:44
58.0,,,registration,True,2026-02-08 13:32:13
59.0,,,registration,True,2026-02-08 05:26:34
60.0,,,registration,True,2026-02-08 22:44:11
61.0,,,registration,True,2026-02-09 12:48:48
62.0,,,registration,True,2026-02-09 08:39:37
63.0,,,registration,True,2026-02-09 13:25:44
64.0,,,registration,True,2026-02-09 20:01:00
65.0,,,registration,True,2026-02-09 22:20:36
66.0,,,registration,True,2026-02-09 16:37:27
67.0,,,registration,True,2026-02-09 09:05:14
68.0,,,registration,True,2026-02-09 04:09:41
69.0,,,registration,True,2026-02-09 14:32:52
70.0,,,registration,True,2026-02-09 21:47:27
71.0,,,registration,True,2026-02-10 09:56:03
72.0,,,registration,True,2026-02-10 15:50:34
73.0,,,registration,True,2026-02-10 17:06:38
74.0,,,registration,True,2026-02-10 12:37:05
75.0,,,registration,True,2026-02-10 19:52:59
76.0,,,registration,True,2026-02-10 13:12:30
77.0,,,registration,True,2026-02-10 21:54:38
78.0,,,registration,True,2026-02-10 20:45:22
79.0,,,registration,True,2026-02-10 00:10:14
80.0,,,registration,True,2026-02-10 02:32:41
81.0,,,registration,True,2026-02-11 19:24:19
82.0,,,registration,True,2026-02-11 08:36:26
83.0,,,registration,True,2026-02-11 05:23:47
84.0,,,registration,True,2026-02-11 18:52:56
85.0,,,registration,True,2026-02-11 07:24:38
86.0,,,registration,True,2026-02-11 09:18:45
87.0,,,registration,True,2026-02-11 17:58:11
88.0,,,registration,True,2026-02-12 13:38:22
89.0,,,registration,True,2026-02-12 22:34:09
90.0,,,registration,True,2026-02-12 21:25:17
91.0,,,registration,True,2026-02-12 10:32:40
92.0,,,registration,True,2026-02-12 00:21:42
93.0,,,registration,True,2026-02-12 19:37:16
94.0,,,registration,True,2026-02-13 15:54:20
95.0,,,registration,True,2026-02-13 15:17:00
96.0,,,registration,True,2026-02-13 10:38:11
97.0,,,registration,True,2026-02-13 19:12:47
98.0,,,registration,True,2026-02-13 04:18:48
99.0,,,registration,True,2026-02-13 16:40:20
100.0,,,registration,True,2026-02-14 18:50:57
101.0,,,registration,True,2026-02-14 12:48:00
102.0,,,registration,True,2026-02-14 18:50:03
103.0,,,registration,True,2026-02-14 23:27:45
104.0,,,registration,True,2026-02-14 17:58:14
105.0,,,registration,True,2026-02-14 01:13:25
106.0,,,registration,True,2026-02-14 02:09:29
107.0,,,registration,True,2026-02-15 05:14:53
108.0,,,registration,True,2026-02-15 00:01:01
109.0,,,registration,True,2026-02-15 03:56:21
110.0,,,registration,True,2026-02-15 00:31:12
111.0,,,registration,True,2026-02-15 14:41:49
112.0,,,registration,True,2026-02-15 19:43:31
113.0,,,registration,True,2026-02-15 18:29:32
114.0,,,registration,True,2026-02-15 00:41:28
115.0,,,registration,True,2026-02-15 15:08:58
116.0,,,registration,True,2026-02-16 09:53:02
117.0,,,registration,True,2026-02-16 21:21:13
118.0,,,registration,True,2026-02-16 15:05:46
119.0,,,registration,True,2026-02-16 06:25:51
120.0,,,registration,True,2026-02-16 01:57:50
121.0,,,registration,True,2026-02-16 19:20:05
122.0,,,registration,True,2026-02-16 21:13:39
123.0,,,registration,True,2026-02-16 05:15:44
124.0,,,registration,True,2026-02-16 20:08:12
125.0,,,registration,True,2026-02-17 05:35:20
126.0,,,registration,True,2026-02-17 03:16:05
127.0,,,registration,True,2026-02-17 19:50:55
128.0,,,registration,True,2026-02-17 18:16:46
129.0,,,registration,True,2026-02-17 03:40:02
130.0,,,registration,True,2026-02-17 02:00:06
131.0,,,registration,True,2026-02-17 13:42:38
132.0,,,registration,True,2026-02-17 16:40:07
133.0,,,registration,True,2026-02-18 10:44:03
134.0,,,registration,True,2026-02-18 00:17:21
135.0,,,registration,True,2026-02-18 22:47:45
136.0,,,registration,True,2026-02-18 23:10:19
137.0,,,registration,True,2026-02-18 19:53:48
138.0,,,registration,True,2026-02-18 10:20:36
139.0,,,registration,True,2026-02-19 10:09:09
140.0,,,registration,True,2026-02-19 14:32:39
141.0,,,registration,True,2026-02-19 17:44:10
142.0,,,registration,True,2026-02-19 16:57:33
143.0,,,registration,True,2026-02-19 08:34:53
144.0,,,registration,True,2026-02-19 23:10:29
145.0,,,registration,True,2026-02-19 15:11:42
146.0,,,registration,True,2026-02-19 14:10:53
147.0,,,registration,True,2026-02-19 00:51:35
148.0,,,registration,True,2026-02-20 10:51:23
149.0,,,registration,True,2026-02-20 13:40:19
150.0,,,registration,True,2026-02-20 07:43:30
151.0,,,registration,True,2026-02-20 17:49:49
152.0,,,registration,True,2026-02-20 21:52:04
153.0,,,registration,True,2026-02-20 02:24:30
154.0,,,registration,True,2026-02-21 00:34:52
155.0,,,registration,True,2026-02-21 19:45:59
156.0,,,registration,True,2026-02-21 12:08:14
157.0,,,registration,True,2026-02-21 02:20:38
158.0,,,registration,True,2026-02-21 15:21:59
159.0,,,registration,True,2026-02-22 16:39:25
160.0,,,registration,True,2026-02-22 22:47:43
161.0,,,registration,True,2026-02-22 11:44:50
162.0,,,registration,True,2026-02-22 09:36:14
163.0,,,registration,True,2026-02-22 17:36:36
164.0,,,registration,True,2026-02-22 21:48:51
165.0,,,registration,True,2026-02-22 14:23:42
166.0,,,registration,True,2026-02-23 20:45:08
167.0,,,registration,True,2026-02-23 03:23:49
168.0,,,registration,True,2026-02-23 14:54:44
169.0,,,registration,True,2026-02-23 16:48:26
170.0,,,registration,True,2026-02-23 20:37:56
171.0,,,registration,True,2026-02-23 02:45:04
172.0,,,registration,True,2026-02-23 10:46:43
173.0,,,registration,True,2026-02-23 15:51:45
174.0,,,registration,True,2026-02-24 15:53:32
175.0,,,registration,True,2026-02-24 17:19:38
176.0,,,registration,True,2026-02-24 05:22:34
177.0,,,registration,True,2026-02-24 15:12:51
178.0,,,registration,True,2026-02-24 12:35:06
179.0,,,registration,True,2026-02-24 16:56:37
180.0,,,registration,True,2026-02-25 18:42:56
181.0,,,registration,True,2026-02-25 11:18:21
182.0,,,registration,True,2026-02-25 09:39:49
183.0,,,registration,True,2026-02-25 08:00:22
184.0,,,registration,True,2026-02-25 00:51:18
185.0,,,registration,True,2026-02-26 15:23:52
186.0,,,registration,True,2026-02-26 10:31:05
187.0,,,registration,True,2026-02-26 17:25:08
188.0,,,registration,True,2026-02-26 05:51:09
189.0,,,registration,True,2026-02-26 15:40:45
190.0,,,registration,True,2026-02-26 06:12:08
191.0,,,registration,True,2026-02-26 10:06:03
192.0,,,registration,True,2026-02-27 09:44:06
193.0,,,registration,True,2026-02-27 18:29:05
194.0,,,registration,True,2026-02-27 13:34:01
195.0,,,registration,True,2026-02-27 09:06:00
196.0,,,registration,True,2026-02-27 12:03:23
197.0,,,registration,True,2026-02-27 19:37:56
198.0,,,registration,True,2026-02-27 18:39:59
199.0,,,registration,True,2026-02-28 15:43:41
200.0,,,registration,True,2026-02-28 07:16:09
201.0,,,registration,True,2026-02-28 02:54:17
202.0,,,registration,True,2026-02-28 20:59:49
203.0,,,registration,True,2026-02-28 22:57:59
204.0,,,registration,True,2026-02-28 05:25:43
205.0,,,registration,True,2026-02-28 02:09:15
206.0,,,registration,True,2026-02-28 11:05:22
188.0,1.0,,topic_create,True,2026-02-01 17:13:20
58.0,2.0,,topic_create,True,2026-02-01 03:02:34
183.0,3.0,,topic_create,True,2026-02-01 12:14:01
,,,create_topic,False,2026-02-01 02:20:12
42.0,4.0,,topic_create,True,2026-02-01 08:40:33
50.0,5.0,,topic_create,True,2026-02-02 01:33:08
40.0,6.0,,topic_create,True,2026-02-02 13:10:11
96.0,7.0,,topic_create,True,2026-02-02 18:44:26
61.0,8.0,,topic_create,True,2026-02-02 08:17:58
50.0,9.0,,topic_create,True,2026-02-02 12:23:42
83.0,10.0,,topic_create,True,2026-02-03 19:30:51
118.0,11.0,,topic_create,True,2026-02-03 03:54:20
,,,create_topic,False,2026-02-03 04:13:02
22.0,12.0,,topic_create,True,2026-02-03 18:43:11
59.0,13.0,,topic_create,True,2026-02-03 13:24:53
,,,create_topic,False,2026-02-03 18:35:14
31.0,14.0,,topic_create,True,2026-02-03 04:29:20
51.0,15.0,,topic_create,True,2026-02-03 12:30:07
15.0,16.0,,topic_create,True,2026-02-04 03:21:50
67.0,17.0,,topic_create,True,2026-02-04 01:26:03
135.0,18.0,,topic_create,True,2026-02-04 20:47:52
,,,create_topic,False,2026-02-04 01:45:18
179.0,19.0,,topic_create,True,2026-02-04 00:20:58
121.0,20.0,,topic_create,True,2026-02-05 04:22:40
130.0,21.0,,topic_create,True,2026-02-05 17:30:49
10.0,22.0,,topic_create,True,2026-02-05 00:06:34
,,,create_topic,False,2026-02-05 13:49:13
89.0,23.0,,topic_create,True,2026-02-05 12:51:53
154.0,24.0,,topic_create,True,2026-02-05 04:34:36
173.0,25.0,,topic_create,True,2026-02-05 09:47:19
,,,create_topic,False,2026-02-05 22:13:38
125.0,26.0,,topic_create,True,2026-02-05 02:37:16
,,,create_topic,False,2026-02-06 11:47:58
,,,create_topic,False,2026-02-06 01:10:12
177.0,27.0,,topic_create,True,2026-02-06 01:50:19
93.0,28.0,,topic_create,True,2026-02-06 14:17:18
41.0,29.0,,topic_create,True,2026-02-06 15:20:54
178.0,30.0,,topic_create,True,2026-02-06 14:35:05
70.0,31.0,,topic_create,True,2026-02-06 18:46:31
141.0,32.0,,topic_create,True,2026-02-06 07:46:26
68.0,33.0,,topic_create,True,2026-02-06 21:05:26
75.0,34.0,,topic_create,True,2026-02-07 22:07:01
136.0,35.0,,topic_create,True,2026-02-07 00:12:26
,,,create_topic,False,2026-02-07 15:30:06
184.0,36.0,,topic_create,True,2026-02-07 23:19:52
91.0,37.0,,topic_create,True,2026-02-07 12:37:57
,,,create_topic,False,2026-02-07 17:52:10
28.0,38.0,,topic_create,True,2026-02-07 04:58:52
26.0,39.0,,topic_create,True,2026-02-07 10:49:14
65.0,40.0,,topic_create,True,2026-02-07 18:51:18
,,,create_topic,False,2026-02-08 04:27:29
,,,create_topic,False,2026-02-08 12:04:32
3.0,41.0,,topic_create,True,2026-02-08 04:42:43
199.0,42.0,,topic_create,True,2026-02-08 16:43:41
67.0,43.0,,topic_create,True,2026-02-08 23:06:05
,,,create_topic,False,2026-02-09 18:17:44
101.0,44.0,,topic_create,True,2026-02-09 21:19:46
177.0,45.0,,topic_create,True,2026-02-09 04:58:56
164.0,46.0,,topic_create,True,2026-02-09 16:45:01
123.0,47.0,,topic_create,True,2026-02-09 07:45:23
,,,create_topic,False,2026-02-10 19:41:17
131.0,48.0,,topic_create,True,2026-02-10 09:22:14
89.0,49.0,,topic_create,True,2026-02-10 18:41:06
,,,create_topic,False,2026-02-10 04:10:43
179.0,50.0,,topic_create,True,2026-02-10 06:27:59
44.0,51.0,,topic_create,True,2026-02-10 13:22:18
201.0,52.0,,topic_create,True,2026-02-10 16:59:21
116.0,53.0,,topic_create,True,2026-02-10 06:44:20
201.0,54.0,,topic_create,True,2026-02-10 11:11:00
35.0,55.0,,topic_create,True,2026-02-10 09:07:19
,,,create_topic,False,2026-02-11 01:54:04
120.0,56.0,,topic_create,True,2026-02-11 05:26:13
,,,create_topic,False,2026-02-11 03:02:21
34.0,57.0,,topic_create,True,2026-02-11 07:20:20
77.0,58.0,,topic_create,True,2026-02-11 04:53:07
155.0,59.0,,topic_create,True,2026-02-11 13:57:08
15.0,60.0,,topic_create,True,2026-02-11 05:57:18
198.0,61.0,,topic_create,True,2026-02-11 21:23:49
61.0,62.0,,topic_create,True,2026-02-12 05:32:58
170.0,63.0,,topic_create,True,2026-02-12 12:25:09
,,,create_topic,False,2026-02-12 12:44:30
95.0,64.0,,topic_create,True,2026-02-12 18:27:41
,,,create_topic,False,2026-02-12 07:12:42
141.0,65.0,,topic_create,True,2026-02-12 03:39:38
121.0,66.0,,topic_create,True,2026-02-13 08:32:35
197.0,67.0,,topic_create,True,2026-02-13 04:44:30
58.0,68.0,,topic_create,True,2026-02-13 18:27:09
82.0,69.0,,topic_create,True,2026-02-13 18:20:36
69.0,70.0,,topic_create,True,2026-02-13 13:44:59
64.0,71.0,,topic_create,True,2026-02-13 17:43:01
118.0,72.0,,topic_create,True,2026-02-13 07:24:23
,,,create_topic,False,2026-02-14 17:39:40
52.0,73.0,,topic_create,True,2026-02-14 14:22:30
,,,create_topic,False,2026-02-14 14:57:12
34.0,74.0,,topic_create,True,2026-02-14 00:53:43
47.0,75.0,,topic_create,True,2026-02-14 12:08:56
6.0,76.0,,topic_create,True,2026-02-14 17:28:11
105.0,77.0,,topic_create,True,2026-02-15 09:51:12
11.0,78.0,,topic_create,True,2026-02-15 03:23:19
50.0,79.0,,topic_create,True,2026-02-15 08:37:48
52.0,80.0,,topic_create,True,2026-02-15 18:56:48
147.0,81.0,,topic_create,True,2026-02-15 07:47:31
89.0,82.0,,topic_create,True,2026-02-15 08:21:04
,,,create_topic,False,2026-02-15 15:38:49
,,,create_topic,False,2026-02-15 00:30:29
75.0,83.0,,topic_create,True,2026-02-15 22:02:35
66.0,84.0,,topic_create,True,2026-02-15 09:00:19
,,,create_topic,False,2026-02-16 20:51:35
,,,create_topic,False,2026-02-16 08:31:23
38.0,85.0,,topic_create,True,2026-02-16 10:47:49
91.0,86.0,,topic_create,True,2026-02-16 18:42:51
123.0,87.0,,topic_create,True,2026-02-16 03:29:21
26.0,88.0,,topic_create,True,2026-02-16 18:03:55
143.0,89.0,,topic_create,True,2026-02-16 18:12:23
193.0,90.0,,topic_create,True,2026-02-17 04:55:32
58.0,91.0,,topic_create,True,2026-02-17 22:58:14
152.0,92.0,,topic_create,True,2026-02-17 08:54:14
,,,create_topic,False,2026-02-17 03:43:00
,,,create_topic,False,2026-02-17 04:49:40
24.0,93.0,,topic_create,True,2026-02-17 20:07:12
37.0,94.0,,topic_create,True,2026-02-17 18:00:40
45.0,95.0,,topic_create,True,2026-02-17 03:31:46
90.0,96.0,,topic_create,True,2026-02-18 22:32:29
,,,create_topic,False,2026-02-18 04:27:03
,,,create_topic,False,2026-02-18 19:46:57
169.0,97.0,,topic_create,True,2026-02-18 08:12:48
80.0,98.0,,topic_create,True,2026-02-18 08:39:46
126.0,99.0,,topic_create,True,2026-02-18 20:47:13
163.0,100.0,,topic_create,True,2026-02-18 06:47:29
16.0,101.0,,topic_create,True,2026-02-18 02:45:33
5.0,102.0,,topic_create,True,2026-02-19 14:13:47
94.0,103.0,,topic_create,True,2026-02-19 17:11:03
,,,create_topic,False,2026-02-19 04:07:21
125.0,104.0,,topic_create,True,2026-02-19 05:32:12
86.0,105.0,,topic_create,True,2026-02-19 03:33:08
47.0,106.0,,topic_create,True,2026-02-19 09:28:45
,,,create_topic,False,2026-02-19 03:25:16
182.0,107.0,,topic_create,True,2026-02-20 13:45:09
,,,create_topic,False,2026-02-20 23:39:49
2.0,108.0,,topic_create,True,2026-02-20 13:13:25
,,,create_topic,False,2026-02-20 19:35:21
122.0,109.0,,topic_create,True,2026-02-20 03:25:46
14.0,110.0,,topic_create,True,2026-02-20 00:38:49
182.0,111.0,,topic_create,True,2026-02-20 20:33:13
182.0,112.0,,topic_create,True,2026-02-20 09:09:50
117.0,113.0,,topic_create,True,2026-02-20 03:18:45
73.0,114.0,,topic_create,True,2026-02-20 07:26:53
81.0,115.0,,topic_create,True,2026-02-21 13:09:50
56.0,116.0,,topic_create,True,2026-02-21 08:38:09
12.0,117.0,,topic_create,True,2026-02-21 14:14:37
67.0,118.0,,topic_create,True,2026-02-21 14:42:32
,,,create_topic,False,2026-02-21 15:47:50
155.0,119.0,,topic_create,True,2026-02-21 11:09:33
,,,create_topic,False,2026-02-21 01:48:17
35.0,120.0,,topic_create,True,2026-02-21 00:41:26
75.0,121.0,,topic_create,True,2026-02-21 21:03:56
62.0,122.0,,topic_create,True,2026-02-21 01:03:16
161.0,123.0,,topic_create,True,2026-02-22 03:45:15
,,,create_topic,False,2026-02-22 18:38:57
8.0,124.0,,topic_create,True,2026-02-22 09:03:32
81.0,125.0,,topic_create,True,2026-02-22 17:36:14
140.0,126.0,,topic_create,True,2026-02-22 11:12:25
135.0,127.0,,topic_create,True,2026-02-22 00:38:12
91.0,128.0,,topic_create,True,2026-02-22 17:58:20
126.0,129.0,,topic_create,True,2026-02-22 07:59:39
200.0,130.0,,topic_create,True,2026-02-22 18:13:58
137.0,131.0,,topic_create,True,2026-02-23 17:03:46
85.0,132.0,,topic_create,True,2026-02-23 16:30:40
35.0,133.0,,topic_create,True,2026-02-23 01:34:57
15.0,134.0,,topic_create,True,2026-02-23 02:48:31
193.0,135.0,,topic_create,True,2026-02-23 08:27:58
2.0,136.0,,topic_create,True,2026-02-23 07:27:36
113.0,137.0,,topic_create,True,2026-02-23 09:34:04
,,,create_topic,False,2026-02-23 12:14:06
121.0,138.0,,topic_create,True,2026-02-23 08:26:39
94.0,139.0,,topic_create,True,2026-02-24 20:42:55
137.0,140.0,,topic_create,True,2026-02-24 07:30:44
,,,create_topic,False,2026-02-24 03:35:01
,,,create_topic,False,2026-02-24 12:46:06
12.0,141.0,,topic_create,True,2026-02-24 22:15:54
6.0,142.0,,topic_create,True,2026-02-24 03:31:02
69.0,143.0,,topic_create,True,2026-02-24 23:49:56
46.0,144.0,,topic_create,True,2026-02-24 17:03:58
89.0,145.0,,topic_create,True,2026-02-24 13:35:01
143.0,146.0,,topic_create,True,2026-02-25 22:18:36
28.0,147.0,,topic_create,True,2026-02-25 09:15:05
197.0,148.0,,topic_create,True,2026-02-25 21:50:09
58.0,149.0,,topic_create,True,2026-02-25 16:42:39
,,,create_topic,False,2026-02-25 13:12:26
87.0,150.0,,topic_create,True,2026-02-25 14:17:58
185.0,151.0,,topic_create,True,2026-02-25 11:08:30
111.0,152.0,,topic_create,True,2026-02-26 20:12:38
31.0,153.0,,topic_create,True,2026-02-26 19:54:25
168.0,154.0,,topic_create,True,2026-02-26 10:11:34
,,,create_topic,False,2026-02-26 19:18:27
77.0,155.0,,topic_create,True,2026-02-26 01:55:50
182.0,156.0,,topic_create,True,2026-02-26 03:46:23
50.0,157.0,,topic_create,True,2026-02-26 04:35:47
68.0,158.0,,topic_create,True,2026-02-26 15:08:54
20.0,159.0,,topic_create,True,2026-02-26 01:34:28
161.0,160.0,,topic_create,True,2026-02-27 01:43:01
,,,create_topic,False,2026-02-27 03:42:33
147.0,161.0,,topic_create,True,2026-02-27 20:04:27
4.0,162.0,,topic_create,True,2026-02-27 05:43:44
115.0,163.0,,topic_create,True,2026-02-27 06:23:33
105.0,164.0,,topic_create,True,2026-02-27 06:40:35
,,,create_topic,False,2026-02-27 02:24:28
126.0,165.0,,topic_create,True,2026-02-27 16:51:26
51.0,166.0,,topic_create,True,2026-02-27 04:10:08
,,,create_topic,False,2026-02-28 05:34:37
199.0,167.0,,topic_create,True,2026-02-28 21:11:15
,,,create_topic,False,2026-02-28 20:22:38
14.0,168.0,,topic_create,True,2026-02-28 03:13:10
194.0,169.0,,topic_create,True,2026-02-28 20:25:34
14.0,170.0,,topic_create,True,2026-02-28 18:44:12
169.0,171.0,,topic_create,True,2026-02-28 10:47:20
159.0,172.0,,topic_create,True,2026-02-28 06:35:19
87.0,173.0,,topic_create,True,2026-02-28 11:21:23
,51.0,1.0,message_create,True,2026-02-01 21:27:57
77.0,77.0,2.0,message_create,True,2026-02-01 14:49:01
,164.0,3.0,message_create,True,2026-02-01 16:19:15
26.0,100.0,4.0,message_create,True,2026-02-01 22:03:39
,54.0,5.0,message_create,True,2026-02-01 12:14:38
49.0,58.0,6.0,message_create,True,2026-02-01 03:59:59
127.0,160.0,7.0,message_create,True,2026-02-02 20:29:38
,88.0,8.0,message_create,True,2026-02-02 10:16:45
17.0,169.0,9.0,message_create,True,2026-02-02 03:32:43
,84.0,10.0,message_create,True,2026-02-02 03:15:40
,143.0,11.0,message_create,True,2026-02-02 23:03:03
60.0,4.0,12.0,message_create,True,2026-02-02 22:54:43
,30.0,13.0,message_create,True,2026-02-02 20:08:33
42.0,120.0,14.0,message_create,True,2026-02-02 13:34:34
,76.0,15.0,message_create,True,2026-02-03 20:56:32
24.0,53.0,16.0,message_create,True,2026-02-03 10:29:01
,121.0,17.0,message_create,True,2026-02-03 07:11:58
108.0,161.0,18.0,message_create,True,2026-02-03 23:53:04
78.0,3.0,19.0,message_create,True,2026-02-03 00:57:19
,65.0,20.0,message_create,True,2026-02-03 18:31:13
21.0,138.0,21.0,message_create,True,2026-02-03 12:55:39
,99.0,22.0,message_create,True,2026-02-03 15:36:24
,78.0,23.0,message_create,True,2026-02-03 08:43:09
146.0,129.0,24.0,message_create,True,2026-02-04 18:52:14
,1.0,25.0,message_create,True,2026-02-04 06:41:06
,120.0,26.0,message_create,True,2026-02-04 06:04:52
198.0,137.0,27.0,message_create,True,2026-02-04 02:13:23
193.0,36.0,28.0,message_create,True,2026-02-04 12:46:29
,123.0,29.0,message_create,True,2026-02-04 11:07:30
155.0,53.0,30.0,message_create,True,2026-02-04 06:18:15
6.0,106.0,31.0,message_create,True,2026-02-05 08:23:38
,113.0,32.0,message_create,True,2026-02-05 10:29:15
86.0,63.0,33.0,message_create,True,2026-02-05 02:39:26
,56.0,34.0,message_create,True,2026-02-05 00:23:09
76.0,125.0,35.0,message_create,True,2026-02-05 04:47:06
,124.0,36.0,message_create,True,2026-02-05 16:11:07
175.0,156.0,37.0,message_create,True,2026-02-06 11:14:15
,88.0,38.0,message_create,True,2026-02-06 16:32:59
,10.0,39.0,message_create,True,2026-02-06 20:19:03
42.0,90.0,40.0,message_create,True,2026-02-06 14:32:05
,57.0,41.0,message_create,True,2026-02-06 22:12:15
91.0,124.0,42.0,message_create,True,2026-02-06 01:13:50
152.0,68.0,43.0,message_create,True,2026-02-06 09:34:11
,71.0,44.0,message_create,True,2026-02-06 11:28:51
53.0,10.0,45.0,message_create,True,2026-02-07 05:27:29
,9.0,46.0,message_create,True,2026-02-07 07:25:15
95.0,101.0,47.0,message_create,True,2026-02-07 10:21:40
,122.0,48.0,message_create,True,2026-02-07 13:12:26
,169.0,49.0,message_create,True,2026-02-07 18:59:15
120.0,60.0,50.0,message_create,True,2026-02-07 20:07:20
,66.0,51.0,message_create,True,2026-02-07 05:42:56
77.0,33.0,52.0,message_create,True,2026-02-07 13:32:21
,12.0,53.0,message_create,True,2026-02-08 07:15:43
3.0,112.0,54.0,message_create,True,2026-02-08 14:52:29
35.0,60.0,55.0,message_create,True,2026-02-08 22:03:51
,115.0,56.0,message_create,True,2026-02-08 20:05:39
158.0,149.0,57.0,message_create,True,2026-02-08 11:58:11
,95.0,58.0,message_create,True,2026-02-08 02:24:42
139.0,76.0,59.0,message_create,True,2026-02-08 15:37:48
,109.0,60.0,message_create,True,2026-02-08 08:31:32
,48.0,61.0,message_create,True,2026-02-08 19:09:12
180.0,153.0,62.0,message_create,True,2026-02-08 20:59:28
,156.0,63.0,message_create,True,2026-02-09 11:02:53
144.0,173.0,64.0,message_create,True,2026-02-09 04:56:13
1.0,56.0,65.0,message_create,True,2026-02-09 15:35:53
,131.0,66.0,message_create,True,2026-02-09 16:05:05
194.0,37.0,67.0,message_create,True,2026-02-09 07:55:26
,119.0,68.0,message_create,True,2026-02-09 11:13:11
97.0,79.0,69.0,message_create,True,2026-02-10 12:54:25
,40.0,70.0,message_create,True,2026-02-10 09:39:44
28.0,113.0,71.0,message_create,True,2026-02-10 10:58:23
,130.0,72.0,message_create,True,2026-02-10 01:15:13
100.0,149.0,73.0,message_create,True,2026-02-10 18:38:17
,90.0,74.0,message_create,True,2026-02-10 09:59:34
,173.0,75.0,message_create,True,2026-02-10 10:32:17
191.0,169.0,76.0,message_create,True,2026-02-10 05:42:45
122.0,21.0,77.0,message_create,True,2026-02-10 04:18:01
124.0,24.0,78.0,message_create,True,2026-02-11 09:03:39
,155.0,79.0,message_create,True,2026-02-11 21:08:58
,61.0,80.0,message_create,True,2026-02-11 22:31:36
173.0,71.0,81.0,message_create,True,2026-02-11 23:47:59
61.0,128.0,82.0,message_create,True,2026-02-11 16:04:30
,144.0,83.0,message_create,True,2026-02-12 06:20:54
120.0,1.0,84.0,message_create,True,2026-02-12 21:57:47
,73.0,85.0,message_create,True,2026-02-12 03:40:10
108.0,106.0,86.0,message_create,True,2026-02-12 08:24:18
139.0,74.0,87.0,message_create,True,2026-02-12 07:47:37
,110.0,88.0,message_create,True,2026-02-13 09:55:24
111.0,167.0,89.0,message_create,True,2026-02-13 15:15:54
,8.0,90.0,message_create,True,2026-02-13 04:30:26
157.0,119.0,91.0,message_create,True,2026-02-13 00:55:43
,27.0,92.0,message_create,True,2026-02-13 11:40:14
,91.0,93.0,message_create,True,2026-02-14 14:53:43
199.0,93.0,94.0,message_create,True,2026-02-14 17:28:39
23.0,133.0,95.0,message_create,True,2026-02-14 02:40:49
,48.0,96.0,message_create,True,2026-02-14 07:30:35
186.0,155.0,97.0,message_create,True,2026-02-14 12:16:06
,43.0,98.0,message_create,True,2026-02-14 16:08:28
95.0,114.0,99.0,message_create,True,2026-02-15 09:45:44
,168.0,100.0,message_create,True,2026-02-15 13:20:43
,162.0,101.0,message_create,True,2026-02-15 13:44:53
79.0,111.0,102.0,message_create,True,2026-02-15 06:54:17
,13.0,103.0,message_create,True,2026-02-15 13:21:35
167.0,116.0,104.0,message_create,True,2026-02-15 13:45:14
,48.0,105.0,message_create,True,2026-02-15 17:11:06
176.0,34.0,106.0,message_create,True,2026-02-16 12:12:14
,109.0,107.0,message_create,True,2026-02-16 05:41:26
,33.0,108.0,message_create,True,2026-02-16 17:37:54
8.0,166.0,109.0,message_create,True,2026-02-16 11:35:37
192.0,95.0,110.0,message_create,True,2026-02-16 00:45:59
,43.0,111.0,message_create,True,2026-02-16 22:52:14
,72.0,112.0,message_create,True,2026-02-16 15:39:59
105.0,166.0,113.0,message_create,True,2026-02-16 13:14:13
,70.0,114.0,message_create,True,2026-02-16 06:18:03
,43.0,115.0,message_create,True,2026-02-17 15:42:17
103.0,86.0,116.0,message_create,True,2026-02-17 13:01:07
88.0,88.0,117.0,message_create,True,2026-02-17 04:43:29
,152.0,118.0,message_create,True,2026-02-17 10:16:58
179.0,53.0,119.0,message_create,True,2026-02-17 22:20:18
,72.0,120.0,message_create,True,2026-02-17 10:45:30
,34.0,121.0,message_create,True,2026-02-17 03:32:21
188.0,120.0,122.0,message_create,True,2026-02-17 20:02:04
,37.0,123.0,message_create,True,2026-02-18 13:13:18
122.0,103.0,124.0,message_create,True,2026-02-18 12:29:16
,30.0,125.0,message_create,True,2026-02-18 23:01:14
46.0,102.0,126.0,message_create,True,2026-02-18 04:22:44
66.0,29.0,127.0,message_create,True,2026-02-18 20:31:44
,37.0,128.0,message_create,True,2026-02-18 00:49:30
,74.0,129.0,message_create,True,2026-02-18 09:00:31
53.0,98.0,130.0,message_create,True,2026-02-18 21:19:27
102.0,128.0,131.0,message_create,True,2026-02-19 04:16:49
,49.0,132.0,message_create,True,2026-02-19 10:44:30
195.0,50.0,133.0,message_create,True,2026-02-19 00:14:40
,149.0,134.0,message_create,True,2026-02-19 16:27:37
99.0,156.0,135.0,message_create,True,2026-02-19 02:49:41
,121.0,136.0,message_create,True,2026-02-19 22:51:47
31.0,140.0,137.0,message_create,True,2026-02-19 13:39:40
,25.0,138.0,message_create,True,2026-02-19 06:48:21
,106.0,139.0,message_create,True,2026-02-20 13:22:33
69.0,156.0,140.0,message_create,True,2026-02-20 14:12:07
,168.0,141.0,message_create,True,2026-02-20 09:45:15
193.0,62.0,142.0,message_create,True,2026-02-20 05:13:25
94.0,118.0,143.0,message_create,True,2026-02-20 23:41:04
,31.0,144.0,message_create,True,2026-02-21 07:34:22
89.0,163.0,145.0,message_create,True,2026-02-21 20:03:08
,24.0,146.0,message_create,True,2026-02-21 21:36:10
197.0,135.0,147.0,message_create,True,2026-02-21 21:29:45
16.0,42.0,148.0,message_create,True,2026-02-21 08:53:08
,161.0,149.0,message_create,True,2026-02-21 08:01:57
30.0,106.0,150.0,message_create,True,2026-02-22 01:46:06
,39.0,151.0,message_create,True,2026-02-22 07:05:52
,146.0,152.0,message_create,True,2026-02-22 22:19:40
113.0,108.0,153.0,message_create,True,2026-02-22 02:53:53
67.0,151.0,154.0,message_create,True,2026-02-22 23:00:00
,61.0,155.0,message_create,True,2026-02-22 10:33:25
26.0,10.0,156.0,message_create,True,2026-02-23 18:07:56
,126.0,157.0,message_create,True,2026-02-23 18:44:56
,64.0,158.0,message_create,True,2026-02-23 10:41:01
203.0,88.0,159.0,message_create,True,2026-02-23 02:25:37
183.0,76.0,160.0,message_create,True,2026-02-23 22:26:50
,17.0,161.0,message_create,True,2026-02-24 20:50:07
26.0,153.0,162.0,message_create,True,2026-02-24 15:24:37
,48.0,163.0,message_create,True,2026-02-24 11:06:16
83.0,27.0,164.0,message_create,True,2026-02-24 22:55:52
,53.0,165.0,message_create,True,2026-02-24 23:24:06
147.0,10.0,166.0,message_create,True,2026-02-24 07:36:03
93.0,49.0,167.0,message_create,True,2026-02-24 08:25:23
,149.0,168.0,message_create,True,2026-02-24 21:41:00
204.0,82.0,169.0,message_create,True,2026-02-25 16:45:11
,109.0,170.0,message_create,True,2026-02-25 20:03:49
196.0,19.0,171.0,message_create,True,2026-02-25 17:18:19
,168.0,172.0,message_create,True,2026-02-25 05:40:46
114.0,79.0,173.0,message_create,True,2026-02-25 23:09:39
107.0,89.0,174.0,message_create,True,2026-02-26 08:16:30
,71.0,175.0,message_create,True,2026-02-26 21:55:01
,30.0,176.0,message_create,True,2026-02-26 11:08:40
113.0,171.0,177.0,message_create,True,2026-02-26 06:14:34
134.0,55.0,178.0,message_create,True,2026-02-26 23:13:23
,79.0,179.0,message_create,True,2026-02-26 16:13:57
104.0,60.0,180.0,message_create,True,2026-02-26 14:42:32
,64.0,181.0,message_create,True,2026-02-26 19:04:30
165.0,65.0,182.0,message_create,True,2026-02-26 10:20:57
,172.0,183.0,message_create,True,2026-02-26 07:53:12
,91.0,184.0,message_create,True,2026-02-27 10:16:52
187.0,5.0,185.0,message_create,True,2026-02-27 07:18:51
86.0,92.0,186.0,message_create,True,2026-02-27 12:22:39
,75.0,187.0,message_create,True,2026-02-27 12:46:59
205.0,37.0,188.0,message_create,True,2026-02-27 01:06:48
,20.0,189.0,message_create,True,2026-02-27 07:31:50
181.0,100.0,190.0,message_create,True,2026-02-27 18:56:23
,105.0,191.0,message_create,True,2026-02-27 07:37:29
,168.0,192.0,message_create,True,2026-02-27 07:30:57
,65.0,193.0,message_create,True,2026-02-28 23:17:58
120.0,163.0,194.0,message_create,True,2026-02-28 17:39:28
,98.0,195.0,message_create,True,2026-02-28 18:20:35
28.0,152.0,196.0,message_create,True,2026-02-28 21:45:51
46.0,170.0,197.0,message_create,True,2026-02-28 02:23:35
,72.0,198.0,message_create,True,2026-02-28 10:15:31
,56.0,199.0,message_create,True,2026-02-28 18:16:49
80.0,19.0,200.0,message_create,True,2026-02-28 19:51:00
82.0,,,login,True,2026-02-01 05:17:31
177.0,,,login,True,2026-02-01 15:34:48
153.0,,,login,True,2026-02-01 10:15:27
67.0,,,login,True,2026-02-01 14:17:02
201.0,,,login,True,2026-02-01 13:23:20
196.0,,,login,True,2026-02-01 05:57:59
116.0,,,login,True,2026-02-01 18:43:37
110.0,,,login,True,2026-02-01 02:41:05
204.0,,,logout,True,2026-02-01 23:49:51
37.0,,,logout,True,2026-02-01 04:49:43
180.0,,,logout,True,2026-02-01 10:19:08
95.0,,,logout,True,2026-02-01 20:06:14
9.0,,,logout,True,2026-02-01 14:37:21
113.0,,,logout,True,2026-02-01 20:52:03
115.0,,,logout,True,2026-02-01 07:41:29
180.0,,,logout,True,2026-02-01 04:10:01
106.0,,,logout,True,2026-02-01 03:16:40
75.0,,,logout,True,2026-02-01 16:09:08
,113.0,,topic_visit,True,2026-02-01 13:47:50
,39.0,,topic_visit,True,2026-02-01 20:27:22
140.0,12.0,,topic_visit,True,2026-02-01 07:14:27
,109.0,,topic_visit,True,2026-02-01 14:14:41
16.0,149.0,,topic_visit,True,2026-02-01 09:04:16
42.0,156.0,,topic_visit,True,2026-02-01 07:37:39
146.0,152.0,,topic_visit,True,2026-02-01 10:07:19
,119.0,,topic_visit,True,2026-02-01 15:37:24
179.0,19.0,,topic_delete,True,2026-02-01 02:09:55
37.0,94.0,,topic_delete,True,2026-02-01 15:25:33
135.0,18.0,,topic_delete,True,2026-02-01 01:07:13
152.0,92.0,,topic_delete,True,2026-02-01 01:30:51
182.0,112.0,,topic_delete,True,2026-02-01 11:12:26
182.0,111.0,,topic_delete,True,2026-02-01 22:52:16
186.0,,,login,True,2026-02-02 10:11:10
80.0,,,login,True,2026-02-02 16:36:14
122.0,,,login,True,2026-02-02 00:38:55
192.0,,,login,True,2026-02-02 06:37:41
35.0,,,login,True,2026-02-02 06:41:43
184.0,,,logout,True,2026-02-02 17:43:17
98.0,,,logout,True,2026-02-02 17:41:32
154.0,,,logout,True,2026-02-02 05:04:05
5.0,,,logout,True,2026-02-02 15:09:43
11.0,,,logout,True,2026-02-02 07:25:15
199.0,,,logout,True,2026-02-02 04:02:39
9.0,70.0,,topic_visit,True,2026-02-02 18:09:53
,154.0,,topic_visit,True,2026-02-02 10:42:33
,129.0,,topic_visit,True,2026-02-02 00:51:27
,3.0,,topic_visit,True,2026-02-02 16:34:20
,41.0,,topic_visit,True,2026-02-02 00:14:58
114.0,146.0,,topic_visit,True,2026-02-02 11:17:10
190.0,103.0,,topic_visit,True,2026-02-02 14:18:01
6.0,133.0,,topic_visit,True,2026-02-02 05:19:30
70.0,31.0,,topic_delete,True,2026-02-02 20:31:15
121.0,20.0,,topic_delete,True,2026-02-02 07:17:42
20.0,159.0,,topic_delete,True,2026-02-02 06:58:03
28.0,38.0,,topic_delete,True,2026-02-02 10:30:45
51.0,166.0,,topic_delete,True,2026-02-02 23:11:48
31.0,153.0,,topic_delete,True,2026-02-02 05:48:33
51.0,15.0,,topic_delete,True,2026-02-02 05:52:25
199.0,42.0,,topic_delete,True,2026-02-02 05:23:12
87.0,150.0,,topic_delete,True,2026-02-02 06:17:25
66.0,,,login,True,2026-02-03 19:41:49
202.0,,,login,True,2026-02-03 09:30:01
109.0,,,login,True,2026-02-03 16:41:10
9.0,,,login,True,2026-02-03 08:09:08
117.0,,,login,True,2026-02-03 08:07:18
160.0,,,login,True,2026-02-03 10:10:11
35.0,,,login,True,2026-02-03 17:34:18
58.0,,,logout,True,2026-02-03 05:20:30
81.0,,,logout,True,2026-02-03 15:39:24
34.0,,,logout,True,2026-02-03 04:25:26
120.0,,,logout,True,2026-02-03 05:31:32
192.0,,,logout,True,2026-02-03 18:39:20
44.0,103.0,,topic_visit,True,2026-02-03 06:49:36
,92.0,,topic_visit,False,2026-02-03 23:10:29
,51.0,,topic_visit,True,2026-02-03 05:55:51
,130.0,,topic_visit,True,2026-02-03 15:15:35
36.0,30.0,,topic_visit,True,2026-02-03 00:44:00
121.0,66.0,,topic_delete,True,2026-02-03 05:05:06
91.0,86.0,,topic_delete,True,2026-02-03 22:23:44
2.0,136.0,,topic_delete,True,2026-02-03 21:02:39
168.0,154.0,,topic_delete,True,2026-02-03 11:08:15
67.0,43.0,,topic_delete,True,2026-02-03 13:01:59
37.0,94.0,,topic_delete,False,2026-02-03 21:18:02
94.0,139.0,,topic_delete,True,2026-02-03 02:00:39
20.0,159.0,,topic_delete,False,2026-02-03 10:23:32
34.0,57.0,,topic_delete,True,2026-02-03 08:33:35
155.0,,,login,True,2026-02-04 09:30:53
103.0,,,login,True,2026-02-04 09:02:34
53.0,,,login,True,2026-02-04 21:34:52
92.0,,,login,True,2026-02-04 03:23:54
82.0,,,login,True,2026-02-04 13:14:16
134.0,,,login,True,2026-02-04 22:55:34
140.0,,,login,True,2026-02-04 04:12:18
122.0,,,login,True,2026-02-04 09:27:16
118.0,,,login,True,2026-02-04 18:08:07
12.0,,,logout,True,2026-02-04 07:29:49
11.0,,,logout,True,2026-02-04 14:23:53
178.0,,,logout,True,2026-02-04 00:40:05
204.0,,,logout,True,2026-02-04 22:12:37
196.0,,,logout,True,2026-02-04 09:12:50
114.0,,,logout,True,2026-02-04 09:08:46
61.0,,,logout,True,2026-02-04 17:47:21
64.0,,,logout,True,2026-02-04 00:31:33
110.0,164.0,,topic_visit,True,2026-02-04 08:31:09
193.0,133.0,,topic_visit,True,2026-02-04 03:55:04
106.0,84.0,,topic_visit,True,2026-02-04 06:10:12
,143.0,,topic_visit,True,2026-02-04 11:26:41
67.0,80.0,,topic_visit,True,2026-02-04 16:13:40
,30.0,,topic_visit,True,2026-02-04 09:38:57
156.0,169.0,,topic_visit,True,2026-02-04 04:28:07
169.0,171.0,,topic_delete,True,2026-02-04 18:13:09
50.0,5.0,,topic_delete,True,2026-02-04 13:36:24
50.0,5.0,,topic_delete,False,2026-02-04 13:59:00
41.0,29.0,,topic_delete,True,2026-02-04 02:56:34
94.0,139.0,,topic_delete,False,2026-02-04 10:49:18
126.0,165.0,,topic_delete,True,2026-02-04 04:39:23
89.0,49.0,,topic_delete,True,2026-02-04 12:56:51
169.0,97.0,,topic_delete,True,2026-02-04 00:35:16
58.0,91.0,,topic_delete,True,2026-02-04 16:44:10
5.0,102.0,,topic_delete,True,2026-02-04 02:41:07
158.0,,,login,True,2026-02-05 09:59:04
203.0,,,login,True,2026-02-05 02:33:19
70.0,,,login,True,2026-02-05 19:09:40
49.0,,,login,True,2026-02-05 11:41:17
149.0,,,login,True,2026-02-05 18:17:57
152.0,,,logout,True,2026-02-05 02:02:26
91.0,,,logout,True,2026-02-05 03:06:54
93.0,,,logout,True,2026-02-05 04:46:46
66.0,,,logout,True,2026-02-05 09:15:51
196.0,,,logout,True,2026-02-05 13:24:26
127.0,,,logout,True,2026-02-05 03:04:33
151.0,,,logout,True,2026-02-05 01:13:46
132.0,,,logout,True,2026-02-05 16:26:52
152.0,50.0,,topic_visit,True,2026-02-05 06:59:45
,41.0,,topic_visit,True,2026-02-05 12:37:42
49.0,16.0,,topic_visit,True,2026-02-05 15:31:50
189.0,126.0,,topic_visit,True,2026-02-05 13:39:40
10.0,84.0,,topic_visit,True,2026-02-05 16:44:11
109.0,121.0,,topic_visit,True,2026-02-05 02:08:44
145.0,71.0,,topic_visit,True,2026-02-05 06:48:26
,32.0,,topic_visit,True,2026-02-05 10:26:20
58.0,91.0,,topic_delete,False,2026-02-05 03:57:47
117.0,113.0,,topic_delete,True,2026-02-05 13:36:58
50.0,9.0,,topic_delete,True,2026-02-05 07:57:05
183.0,3.0,,topic_delete,True,2026-02-05 09:49:31
121.0,138.0,,topic_delete,True,2026-02-05 02:15:13
159.0,172.0,,topic_delete,True,2026-02-05 06:03:53
91.0,86.0,,topic_delete,False,2026-02-05 09:37:18
130.0,,,login,True,2026-02-06 05:32:19
82.0,,,login,True,2026-02-06 17:43:58
52.0,,,login,True,2026-02-06 04:38:13
19.0,,,login,True,2026-02-06 00:42:54
98.0,,,login,True,2026-02-06 17:14:55
11.0,,,login,True,2026-02-06 08:23:42
33.0,,,login,True,2026-02-06 05:04:38
31.0,,,login,True,2026-02-06 03:14:38
23.0,,,login,True,2026-02-06 23:56:08
119.0,,,logout,True,2026-02-06 22:40:06
9.0,,,logout,True,2026-02-06 10:39:19
190.0,,,logout,True,2026-02-06 14:21:19
195.0,,,logout,True,2026-02-06 04:04:54
28.0,,,logout,True,2026-02-06 10:34:14
129.0,,,logout,True,2026-02-06 17:51:34
103.0,,,logout,True,2026-02-06 05:39:21
140.0,,,logout,True,2026-02-06 15:09:29
,111.0,,topic_visit,False,2026-02-06 01:18:31
119.0,113.0,,topic_visit,False,2026-02-06 03:20:13
116.0,113.0,,topic_visit,False,2026-02-06 05:50:43
101.0,21.0,,topic_visit,True,2026-02-06 21:15:41
,159.0,,topic_visit,False,2026-02-06 01:23:04
,76.0,,topic_visit,True,2026-02-06 10:49:17
205.0,162.0,,topic_visit,True,2026-02-06 03:25:08
,72.0,,topic_visit,True,2026-02-06 01:33:54
,49.0,,topic_visit,False,2026-02-06 18:51:03
38.0,85.0,,topic_delete,True,2026-02-06 09:02:48
31.0,153.0,,topic_delete,False,2026-02-06 13:18:18
101.0,44.0,,topic_delete,True,2026-02-06 06:40:52
118.0,11.0,,topic_delete,True,2026-02-06 05:34:22
141.0,32.0,,topic_delete,True,2026-02-06 14:41:11
85.0,132.0,,topic_delete,True,2026-02-06 08:10:19
135.0,127.0,,topic_delete,True,2026-02-06 01:38:16
28.0,,,login,True,2026-02-07 21:50:25
89.0,,,login,True,2026-02-07 14:53:17
57.0,,,login,True,2026-02-07 20:33:00
53.0,,,login,True,2026-02-07 12:04:40
25.0,,,login,True,2026-02-07 05:51:01
42.0,,,login,True,2026-02-07 05:23:03
107.0,,,login,True,2026-02-07 14:00:50
195.0,,,login,True,2026-02-07 03:36:59
171.0,,,login,True,2026-02-07 14:36:56
100.0,,,login,True,2026-02-07 01:17:51
198.0,,,logout,True,2026-02-07 22:28:50
56.0,,,logout,True,2026-02-07 15:49:27
39.0,,,logout,True,2026-02-07 00:31:58
45.0,,,logout,True,2026-02-07 23:45:36
14.0,,,logout,True,2026-02-07 21:12:14
129.0,,,logout,True,2026-02-07 23:50:43
66.0,,,logout,True,2026-02-07 03:40:29
77.0,,,logout,True,2026-02-07 18:34:47
113.0,,,logout,True,2026-02-07 00:51:57
136.0,,,logout,True,2026-02-07 12:24:03
,21.0,,topic_visit,True,2026-02-07 09:20:20
74.0,129.0,,topic_visit,True,2026-02-07 04:51:38
121.0,28.0,,topic_visit,True,2026-02-07 20:51:03
,131.0,,topic_visit,True,2026-02-07 03:50:41
,51.0,,topic_visit,True,2026-02-07 22:21:44
2.0,120.0,,topic_visit,True,2026-02-07 03:45:48
71.0,111.0,,topic_visit,False,2026-02-07 07:55:14
66.0,41.0,,topic_visit,True,2026-02-07 03:23:27
58.0,68.0,,topic_delete,True,2026-02-07 07:43:43
193.0,135.0,,topic_delete,True,2026-02-07 16:35:48
46.0,144.0,,topic_delete,True,2026-02-07 18:30:48
182.0,112.0,,topic_delete,False,2026-02-07 03:34:28
125.0,104.0,,topic_delete,True,2026-02-07 05:51:30
147.0,81.0,,topic_delete,True,2026-02-07 02:18:00
37.0,94.0,,topic_delete,False,2026-02-07 22:14:20
137.0,140.0,,topic_delete,True,2026-02-07 11:29:44
89.0,49.0,,topic_delete,False,2026-02-07 12:21:39
34.0,57.0,,topic_delete,False,2026-02-07 09:08:48
35.0,,,login,True,2026-02-08 16:48:48
175.0,,,login,True,2026-02-08 08:42:29
121.0,,,login,True,2026-02-08 16:20:32
84.0,,,login,True,2026-02-08 11:18:23
188.0,,,login,True,2026-02-08 21:39:02
88.0,,,logout,True,2026-02-08 22:45:26
181.0,,,logout,True,2026-02-08 17:19:33
138.0,,,logout,True,2026-02-08 23:09:23
38.0,,,logout,True,2026-02-08 02:26:33
72.0,,,logout,True,2026-02-08 11:23:59
157.0,,,logout,True,2026-02-08 00:11:24
78.0,50.0,,topic_visit,True,2026-02-08 15:58:50
,67.0,,topic_visit,True,2026-02-08 11:47:06
164.0,56.0,,topic_visit,True,2026-02-08 05:17:27
53.0,66.0,,topic_visit,False,2026-02-08 23:58:49
,68.0,,topic_visit,False,2026-02-08 12:16:03
147.0,11.0,,topic_visit,False,2026-02-08 10:51:31
21.0,169.0,,topic_visit,True,2026-02-08 11:40:29
,120.0,,topic_visit,True,2026-02-08 11:32:27
93.0,28.0,,topic_delete,True,2026-02-08 22:48:36
35.0,120.0,,topic_delete,True,2026-02-08 22:00:28
89.0,82.0,,topic_delete,True,2026-02-08 11:59:26
81.0,125.0,,topic_delete,True,2026-02-08 08:29:14
58.0,68.0,,topic_delete,False,2026-02-08 15:30:56
1.0,,,login,True,2026-02-09 10:06:50
180.0,,,login,True,2026-02-09 04:37:02
178.0,,,login,True,2026-02-09 11:10:34
104.0,,,login,True,2026-02-09 03:07:56
10.0,,,login,True,2026-02-09 12:17:58
57.0,,,login,True,2026-02-09 02:56:12
115.0,,,login,True,2026-02-09 06:36:40
151.0,,,logout,True,2026-02-09 15:20:03
62.0,,,logout,True,2026-02-09 01:37:04
31.0,,,logout,True,2026-02-09 02:28:18
116.0,,,logout,True,2026-02-09 23:41:05
31.0,,,logout,True,2026-02-09 21:46:13
126.0,,,logout,True,2026-02-09 14:25:40
38.0,,,logout,True,2026-02-09 21:42:54
171.0,,,logout,True,2026-02-09 18:35:38
205.0,,,logout,True,2026-02-09 02:23:37
,93.0,,topic_visit,True,2026-02-09 21:19:53
,164.0,,topic_visit,True,2026-02-09 04:09:02
,77.0,,topic_visit,True,2026-02-09 10:46:24
33.0,84.0,,topic_visit,True,2026-02-09 17:36:58
127.0,65.0,,topic_visit,True,2026-02-09 18:05:16
,121.0,,topic_visit,True,2026-02-09 01:17:48
,141.0,,topic_visit,True,2026-02-09 22:04:30
197.0,148.0,,topic_delete,True,2026-02-09 22:59:31
96.0,7.0,,topic_delete,True,2026-02-09 09:22:22
85.0,132.0,,topic_delete,False,2026-02-09 03:45:08
177.0,45.0,,topic_delete,True,2026-02-09 14:39:20
193.0,90.0,,topic_delete,True,2026-02-09 10:22:50
44.0,51.0,,topic_delete,True,2026-02-09 09:36:36
45.0,95.0,,topic_delete,True,2026-02-09 22:48:34
61.0,8.0,,topic_delete,True,2026-02-09 14:37:11
2.0,108.0,,topic_delete,True,2026-02-09 20:40:47
85.0,132.0,,topic_delete,False,2026-02-09 00:48:46
6.0,,,login,True,2026-02-10 16:35:00
84.0,,,login,True,2026-02-10 23:48:21
116.0,,,login,True,2026-02-10 11:56:00
136.0,,,login,True,2026-02-10 05:50:58
102.0,,,login,True,2026-02-10 02:22:00
116.0,,,login,True,2026-02-10 22:02:31
147.0,,,login,True,2026-02-10 03:07:20
26.0,,,login,True,2026-02-10 05:09:26
102.0,,,login,True,2026-02-10 17:16:05
176.0,,,logout,True,2026-02-10 16:24:46
101.0,,,logout,True,2026-02-10 14:32:14
127.0,,,logout,True,2026-02-10 13:11:43
105.0,,,logout,True,2026-02-10 06:27:51
190.0,,,logout,True,2026-02-10 03:11:05
84.0,,,logout,True,2026-02-10 00:21:00
138.0,,,logout,True,2026-02-10 17:30:51
183.0,,,logout,True,2026-02-10 13:37:55
71.0,79.0,,topic_visit,True,2026-02-10 02:02:26
199.0,110.0,,topic_visit,True,2026-02-10 04:59:26
106.0,153.0,,topic_visit,False,2026-02-10 09:41:57
10.0,146.0,,topic_visit,True,2026-02-10 21:16:53
173.0,68.0,,topic_visit,False,2026-02-10 09:36:34
,28.0,,topic_visit,False,2026-02-10 05:08:15
,157.0,,topic_visit,True,2026-02-10 10:33:04
141.0,11.0,,topic_visit,False,2026-02-10 08:29:54
62.0,56.0,,topic_visit,True,2026-02-10 06:27:32
135.0,127.0,,topic_delete,False,2026-02-10 12:52:34
10.0,22.0,,topic_delete,True,2026-02-10 11:04:37
194.0,169.0,,topic_delete,True,2026-02-10 19:31:49
123.0,47.0,,topic_delete,True,2026-02-10 05:08:00
170.0,63.0,,topic_delete,True,2026-02-10 05:36:44
87.0,150.0,,topic_delete,False,2026-02-10 15:25:30
110.0,,,login,True,2026-02-11 09:19:09
58.0,,,login,True,2026-02-11 11:34:23
188.0,,,login,True,2026-02-11 13:26:23
162.0,,,login,True,2026-02-11 11:49:57
126.0,,,login,True,2026-02-11 08:39:35
145.0,,,login,True,2026-02-11 20:41:57
22.0,,,logout,True,2026-02-11 09:27:54
126.0,,,logout,True,2026-02-11 19:46:41
92.0,,,logout,True,2026-02-11 04:17:49
85.0,,,logout,True,2026-02-11 09:49:34
123.0,,,logout,True,2026-02-11 14:36:48
178.0,,,logout,True,2026-02-11 18:31:20
162.0,,,logout,True,2026-02-11 15:22:10
30.0,,,logout,True,2026-02-11 20:56:24
88.0,,,logout,True,2026-02-11 12:37:50
20.0,,,logout,True,2026-02-11 19:03:05
191.0,80.0,,topic_visit,True,2026-02-11 13:34:36
,96.0,,topic_visit,True,2026-02-11 05:34:06
,105.0,,topic_visit,True,2026-02-11 19:36:35
121.0,31.0,,topic_visit,False,2026-02-11 20:46:01
,88.0,,topic_visit,True,2026-02-11 17:38:41
115.0,49.0,,topic_visit,False,2026-02-11 08:45:30
,28.0,,topic_visit,False,2026-02-11 22:29:07
104.0,43.0,,topic_visit,False,2026-02-11 07:11:32
,42.0,,topic_visit,False,2026-02-11 07:11:54
73.0,114.0,,topic_delete,True,2026-02-11 23:27:26
121.0,138.0,,topic_delete,False,2026-02-11 21:05:45
89.0,23.0,,topic_delete,True,2026-02-11 22:23:40
121.0,66.0,,topic_delete,False,2026-02-11 12:26:10
81.0,115.0,,topic_delete,True,2026-02-11 00:49:18
193.0,90.0,,topic_delete,False,2026-02-11 06:12:40
2.0,108.0,,topic_delete,False,2026-02-11 18:37:01
137.0,131.0,,topic_delete,True,2026-02-11 10:19:28
77.0,58.0,,topic_delete,True,2026-02-11 20:38:42
35.0,,,login,True,2026-02-12 10:31:47
32.0,,,login,True,2026-02-12 09:41:57
31.0,,,login,True,2026-02-12 20:25:09
53.0,,,login,True,2026-02-12 02:47:49
73.0,,,login,True,2026-02-12 01:18:17
192.0,,,login,True,2026-02-12 09:08:32
141.0,,,login,True,2026-02-12 05:33:14
165.0,,,login,True,2026-02-12 00:52:02
190.0,,,login,True,2026-02-12 22:55:14
49.0,,,logout,True,2026-02-12 21:01:44
115.0,,,logout,True,2026-02-12 15:53:14
111.0,,,logout,True,2026-02-12 07:28:57
199.0,,,logout,True,2026-02-12 07:31:37
118.0,,,logout,True,2026-02-12 05:43:58
106.0,,,logout,True,2026-02-12 07:21:46
15.0,,,logout,True,2026-02-12 01:27:27
127.0,69.0,,topic_visit,True,2026-02-12 11:44:08
31.0,106.0,,topic_visit,True,2026-02-12 12:55:36
,76.0,,topic_visit,True,2026-02-12 14:27:09
47.0,167.0,,topic_visit,True,2026-02-12 01:45:04
88.0,115.0,,topic_visit,False,2026-02-12 00:51:44
6.0,142.0,,topic_delete,True,2026-02-12 19:05:29
26.0,39.0,,topic_delete,True,2026-02-12 12:17:01
22.0,12.0,,topic_delete,True,2026-02-12 06:49:14
15.0,16.0,,topic_delete,True,2026-02-12 13:23:54
31.0,14.0,,topic_delete,True,2026-02-12 16:57:08
81.0,115.0,,topic_delete,False,2026-02-12 13:27:48
81.0,125.0,,topic_delete,False,2026-02-12 15:42:24
3.0,41.0,,topic_delete,True,2026-02-12 10:48:58
89.0,,,login,True,2026-02-13 09:48:48
52.0,,,login,True,2026-02-13 20:54:14
22.0,,,login,True,2026-02-13 15:32:05
183.0,,,login,True,2026-02-13 03:54:07
71.0,,,login,True,2026-02-13 07:17:36
152.0,,,login,True,2026-02-13 02:34:24
3.0,,,login,True,2026-02-13 13:46:53
156.0,,,logout,True,2026-02-13 01:49:31
71.0,,,logout,True,2026-02-13 16:12:40
87.0,,,logout,True,2026-02-13 13:16:31
130.0,,,logout,True,2026-02-13 15:08:05
133.0,,,logout,True,2026-02-13 20:49:31
120.0,48.0,,topic_visit,True,2026-02-13 06:19:19
,125.0,,topic_visit,False,2026-02-13 08:56:57
,163.0,,topic_visit,True,2026-02-13 08:01:28
78.0,7.0,,topic_visit,False,2026-02-13 11:30:55
,37.0,,topic_visit,True,2026-02-13 18:33:38
,118.0,,topic_visit,True,2026-02-13 04:53:42
143.0,15.0,,topic_visit,False,2026-02-13 20:46:03
143.0,146.0,,topic_delete,True,2026-02-13 03:13:45
50.0,9.0,,topic_delete,False,2026-02-13 04:52:11
68.0,158.0,,topic_delete,True,2026-02-13 03:39:19
152.0,92.0,,topic_delete,False,2026-02-13 13:38:35
75.0,83.0,,topic_delete,True,2026-02-13 06:59:15
91.0,86.0,,topic_delete,False,2026-02-13 17:53:54
135.0,18.0,,topic_delete,False,2026-02-13 08:59:14
81.0,115.0,,topic_delete,False,2026-02-13 08:21:37
8.0,124.0,,topic_delete,True,2026-02-13 17:33:46
141.0,32.0,,topic_delete,False,2026-02-13 19:47:35
190.0,,,login,True,2026-02-14 10:13:03
119.0,,,login,True,2026-02-14 04:21:11
47.0,,,login,True,2026-02-14 13:25:50
161.0,,,login,True,2026-02-14 07:33:58
134.0,,,login,True,2026-02-14 13:21:26
98.0,,,login,True,2026-02-14 18:11:11
189.0,,,login,True,2026-02-14 16:19:27
10.0,,,login,True,2026-02-14 07:55:23
182.0,,,logout,True,2026-02-14 19:24:37
167.0,,,logout,True,2026-02-14 10:54:09
4.0,,,logout,True,2026-02-14 11:50:30
46.0,,,logout,True,2026-02-14 21:51:42
121.0,,,logout,True,2026-02-14 03:28:05
83.0,,,logout,True,2026-02-14 00:32:14
57.0,136.0,,topic_visit,False,2026-02-14 14:28:53
40.0,65.0,,topic_visit,True,2026-02-14 18:14:09
,55.0,,topic_visit,True,2026-02-14 17:08:00
,53.0,,topic_visit,True,2026-02-14 12:48:33
,93.0,,topic_visit,True,2026-02-14 00:54:31
118.0,91.0,,topic_visit,False,2026-02-14 14:43:32
,103.0,,topic_visit,True,2026-02-14 02:01:13
82.0,126.0,,topic_visit,True,2026-02-14 10:29:45
,80.0,,topic_visit,True,2026-02-14 22:40:27
204.0,33.0,,topic_visit,True,2026-02-14 05:56:29
65.0,40.0,,topic_delete,True,2026-02-14 06:23:50
67.0,43.0,,topic_delete,False,2026-02-14 14:20:42
47.0,75.0,,topic_delete,True,2026-02-14 12:05:05
121.0,20.0,,topic_delete,False,2026-02-14 01:41:47
89.0,145.0,,topic_delete,True,2026-02-14 22:07:45
120.0,56.0,,topic_delete,True,2026-02-14 17:47:28
66.0,84.0,,topic_delete,True,2026-02-14 17:31:57
12.0,117.0,,topic_delete,True,2026-02-14 04:59:54
55.0,,,login,True,2026-02-15 11:15:09
3.0,,,login,True,2026-02-15 20:40:39
22.0,,,login,True,2026-02-15 21:44:32
7.0,,,login,True,2026-02-15 03:35:37
127.0,,,login,True,2026-02-15 10:15:24
90.0,,,login,True,2026-02-15 01:19:51
58.0,,,login,True,2026-02-15 19:28:09
19.0,,,login,True,2026-02-15 07:09:44
37.0,,,logout,True,2026-02-15 20:16:11
190.0,,,logout,True,2026-02-15 04:45:57
92.0,,,logout,True,2026-02-15 06:23:20
152.0,,,logout,True,2026-02-15 07:24:23
64.0,,,logout,True,2026-02-15 16:14:02
159.0,,,logout,True,2026-02-15 01:50:16
77.0,,,logout,True,2026-02-15 07:22:35
104.0,,,logout,True,2026-02-15 13:07:44
38.0,,,logout,True,2026-02-15 12:15:20
12.0,68.0,,topic_visit,False,2026-02-15 02:24:16
160.0,168.0,,topic_visit,True,2026-02-15 03:52:13
183.0,62.0,,topic_visit,True,2026-02-15 13:09:07
,38.0,,topic_visit,False,2026-02-15 06:31:54
80.0,35.0,,topic_visit,True,2026-02-15 02:32:17
37.0,44.0,,topic_visit,False,2026-02-15 03:33:46
,3.0,,topic_visit,False,2026-02-15 08:50:35
121.0,20.0,,topic_delete,False,2026-02-15 22:26:44
89.0,23.0,,topic_delete,False,2026-02-15 08:23:14
89.0,145.0,,topic_delete,False,2026-02-15 06:57:24
51.0,166.0,,topic_delete,False,2026-02-15 04:44:45
140.0,126.0,,topic_delete,True,2026-02-15 01:49:00
121.0,20.0,,topic_delete,False,2026-02-15 07:42:47
199.0,42.0,,topic_delete,False,2026-02-15 12:13:42
83.0,10.0,,topic_delete,True,2026-02-15 13:03:22
34.0,74.0,,topic_delete,True,2026-02-15 06:29:11
114.0,,,login,True,2026-02-16 01:08:47
112.0,,,login,True,2026-02-16 00:42:18
21.0,,,login,True,2026-02-16 05:37:54
205.0,,,login,True,2026-02-16 18:14:34
84.0,,,login,True,2026-02-16 16:32:53
156.0,,,login,True,2026-02-16 21:06:23
44.0,,,login,True,2026-02-16 05:41:03
5.0,,,login,True,2026-02-16 12:13:48
13.0,,,login,True,2026-02-16 00:57:17
139.0,,,logout,True,2026-02-16 08:46:30
165.0,,,logout,True,2026-02-16 01:59:05
4.0,,,logout,True,2026-02-16 05:46:28
26.0,,,logout,True,2026-02-16 19:50:33
18.0,,,logout,True,2026-02-16 00:51:58
51.0,,,logout,True,2026-02-16 16:51:25
101.0,,,logout,True,2026-02-16 20:26:01
181.0,,,logout,True,2026-02-16 14:47:12
,129.0,,topic_visit,True,2026-02-16 07:41:47
123.0,20.0,,topic_visit,False,2026-02-16 18:24:44
,86.0,,topic_visit,False,2026-02-16 07:57:27
,80.0,,topic_visit,True,2026-02-16 13:57:48
123.0,165.0,,topic_visit,False,2026-02-16 17:07:20
,34.0,,topic_visit,True,2026-02-16 01:02:18
,36.0,,topic_visit,True,2026-02-16 23:06:16
58.0,131.0,,topic_visit,False,2026-02-16 06:40:20
,14.0,,topic_visit,False,2026-02-16 06:59:10
69.0,70.0,,topic_delete,True,2026-02-16 11:11:03
67.0,118.0,,topic_delete,True,2026-02-16 22:47:45
169.0,171.0,,topic_delete,False,2026-02-16 12:06:30
118.0,72.0,,topic_delete,True,2026-02-16 13:51:21
163.0,100.0,,topic_delete,True,2026-02-16 22:27:29
47.0,106.0,,topic_delete,True,2026-02-16 16:38:14
89.0,49.0,,topic_delete,False,2026-02-16 20:55:49
5.0,,,login,True,2026-02-17 07:28:36
56.0,,,login,True,2026-02-17 09:33:42
155.0,,,login,True,2026-02-17 04:10:12
61.0,,,login,True,2026-02-17 08:52:30
100.0,,,login,True,2026-02-17 17:50:58
80.0,,,login,True,2026-02-17 12:09:46
200.0,,,logout,True,2026-02-17 11:09:16
14.0,,,logout,True,2026-02-17 10:52:47
57.0,,,logout,True,2026-02-17 00:12:27
149.0,,,logout,True,2026-02-17 13:44:54
67.0,,,logout,True,2026-02-17 23:30:54
70.0,,,logout,True,2026-02-17 21:00:59
,45.0,,topic_visit,False,2026-02-17 05:54:31
,85.0,,topic_visit,False,2026-02-17 22:45:14
131.0,103.0,,topic_visit,True,2026-02-17 17:52:43
,47.0,,topic_visit,False,2026-02-17 00:22:08
83.0,116.0,,topic_visit,True,2026-02-17 05:58:23
67.0,13.0,,topic_visit,True,2026-02-17 03:30:21
82.0,11.0,,topic_visit,False,2026-02-17 07:41:03
58.0,149.0,,topic_delete,True,2026-02-17 18:09:30
67.0,17.0,,topic_delete,True,2026-02-17 06:21:42
118.0,72.0,,topic_delete,False,2026-02-17 20:57:44
94.0,103.0,,topic_delete,True,2026-02-17 00:12:33
20.0,159.0,,topic_delete,False,2026-02-17 00:10:30
182.0,111.0,,topic_delete,False,2026-02-17 10:20:15
10.0,,,login,True,2026-02-18 23:21:26
189.0,,,login,True,2026-02-18 01:42:46
159.0,,,login,True,2026-02-18 22:50:20
54.0,,,login,True,2026-02-18 05:58:43
39.0,,,login,True,2026-02-18 14:14:55
133.0,,,login,True,2026-02-18 08:32:29
138.0,,,login,True,2026-02-18 05:52:45
3.0,,,logout,True,2026-02-18 19:36:29
202.0,,,logout,True,2026-02-18 12:32:01
2.0,,,logout,True,2026-02-18 15:22:15
16.0,,,logout,True,2026-02-18 10:48:48
58.0,,,logout,True,2026-02-18 00:41:36
91.0,,,logout,True,2026-02-18 20:03:01
70.0,,,logout,True,2026-02-18 15:07:12
61.0,,,logout,True,2026-02-18 07:28:30
135.0,,,logout,True,2026-02-18 07:35:02
,112.0,,topic_visit,False,2026-02-18 23:17:01
201.0,75.0,,topic_visit,False,2026-02-18 22:02:28
,156.0,,topic_visit,True,2026-02-18 22:35:52
,4.0,,topic_visit,True,2026-02-18 23:13:53
167.0,41.0,,topic_visit,False,2026-02-18 10:35:50
154.0,161.0,,topic_visit,True,2026-02-18 05:05:46
118.0,72.0,,topic_delete,False,2026-02-18 15:00:35
64.0,71.0,,topic_delete,True,2026-02-18 23:16:03
58.0,91.0,,topic_delete,False,2026-02-18 20:59:52
62.0,122.0,,topic_delete,True,2026-02-18 18:57:57
50.0,157.0,,topic_delete,True,2026-02-18 01:39:45
125.0,26.0,,topic_delete,True,2026-02-18 08:08:12
75.0,83.0,,topic_delete,False,2026-02-18 09:38:20
75.0,34.0,,topic_delete,True,2026-02-18 18:36:43
56.0,116.0,,topic_delete,True,2026-02-18 09:52:57
50.0,9.0,,topic_delete,False,2026-02-18 05:30:57
99.0,,,login,True,2026-02-19 02:31:08
160.0,,,login,True,2026-02-19 19:30:49
39.0,,,login,True,2026-02-19 19:20:03
103.0,,,login,True,2026-02-19 00:34:12
169.0,,,login,True,2026-02-19 12:05:59
198.0,,,login,True,2026-02-19 01:45:59
203.0,,,login,True,2026-02-19 13:09:46
139.0,,,login,True,2026-02-19 14:36:46
36.0,,,login,True,2026-02-19 15:02:47
9.0,,,login,True,2026-02-19 05:31:40
112.0,,,logout,True,2026-02-19 14:15:09
17.0,,,logout,True,2026-02-19 13:03:19
163.0,,,logout,True,2026-02-19 20:36:59
71.0,,,logout,True,2026-02-19 03:05:31
106.0,,,logout,True,2026-02-19 20:09:38
46.0,,,logout,True,2026-02-19 16:53:51
189.0,,,logout,True,2026-02-19 19:34:55
121.0,29.0,,topic_visit,False,2026-02-19 17:23:54
,154.0,,topic_visit,False,2026-02-19 06:40:02
78.0,122.0,,topic_visit,False,2026-02-19 16:54:14
,102.0,,topic_visit,False,2026-02-19 23:07:43
,159.0,,topic_visit,False,2026-02-19 21:55:07
82.0,97.0,,topic_visit,False,2026-02-19 09:03:06
114.0,108.0,,topic_visit,False,2026-02-19 04:56:27
,2.0,,topic_visit,True,2026-02-19 07:58:01
163.0,100.0,,topic_delete,False,2026-02-19 11:47:18
123.0,47.0,,topic_delete,False,2026-02-19 03:47:23
12.0,117.0,,topic_delete,False,2026-02-19 04:26:05
41.0,29.0,,topic_delete,False,2026-02-19 05:07:44
41.0,29.0,,topic_delete,False,2026-02-19 08:17:24
40.0,6.0,,topic_delete,True,2026-02-19 21:42:21
69.0,,,login,True,2026-02-20 00:23:48
119.0,,,login,True,2026-02-20 00:47:03
196.0,,,login,True,2026-02-20 08:25:55
5.0,,,login,True,2026-02-20 02:00:40
95.0,,,login,True,2026-02-20 13:24:30
127.0,,,login,True,2026-02-20 09:37:03
40.0,,,login,True,2026-02-20 06:46:36
177.0,,,login,True,2026-02-20 13:40:44
135.0,,,login,True,2026-02-20 11:33:54
108.0,,,login,True,2026-02-20 19:34:51
63.0,,,logout,True,2026-02-20 04:52:39
49.0,,,logout,True,2026-02-20 02:28:39
46.0,,,logout,True,2026-02-20 07:31:17
1.0,,,logout,True,2026-02-20 11:40:40
51.0,,,logout,True,2026-02-20 11:23:17
187.0,,,logout,True,2026-02-20 06:34:50
145.0,,,logout,True,2026-02-20 00:39:57
61.0,167.0,,topic_visit,True,2026-02-20 00:19:22
,133.0,,topic_visit,True,2026-02-20 10:12:14
109.0,45.0,,topic_visit,False,2026-02-20 09:15:16
28.0,168.0,,topic_visit,True,2026-02-20 03:21:35
,138.0,,topic_visit,False,2026-02-20 08:57:54
58.0,2.0,,topic_delete,True,2026-02-20 02:42:00
80.0,98.0,,topic_delete,True,2026-02-20 14:33:07
69.0,143.0,,topic_delete,True,2026-02-20 07:06:37
89.0,23.0,,topic_delete,False,2026-02-20 00:01:46
58.0,68.0,,topic_delete,False,2026-02-20 09:20:44
37.0,,,login,True,2026-02-21 11:29:32
41.0,,,login,True,2026-02-21 00:09:36
64.0,,,login,True,2026-02-21 20:09:27
162.0,,,login,True,2026-02-21 14:25:27
13.0,,,login,True,2026-02-21 00:01:18
120.0,,,logout,True,2026-02-21 07:37:14
106.0,,,logout,True,2026-02-21 12:22:43
39.0,,,logout,True,2026-02-21 00:32:23
9.0,,,logout,True,2026-02-21 20:34:24
195.0,,,logout,True,2026-02-21 20:10:03
66.0,,,logout,True,2026-02-21 02:37:35
91.0,,,logout,True,2026-02-21 23:34:26
94.0,,,logout,True,2026-02-21 03:07:19
180.0,,,logout,True,2026-02-21 16:52:23
80.0,,,logout,True,2026-02-21 20:04:10
122.0,108.0,,topic_visit,False,2026-02-21 23:45:26
66.0,63.0,,topic_visit,False,2026-02-21 10:48:07
60.0,139.0,,topic_visit,False,2026-02-21 20:34:44
,38.0,,topic_visit,False,2026-02-21 09:44:15
111.0,73.0,,topic_visit,True,2026-02-21 20:52:16
,91.0,,topic_visit,False,2026-02-21 16:49:26
79.0,29.0,,topic_visit,False,2026-02-21 15:14:32
49.0,87.0,,topic_visit,True,2026-02-21 06:23:28
113.0,137.0,,topic_delete,True,2026-02-21 18:00:19
6.0,76.0,,topic_delete,True,2026-02-21 18:48:41
121.0,138.0,,topic_delete,False,2026-02-21 15:31:31
96.0,7.0,,topic_delete,False,2026-02-21 19:23:48
123.0,87.0,,topic_delete,True,2026-02-21 18:10:04
182.0,111.0,,topic_delete,False,2026-02-21 09:41:28
143.0,146.0,,topic_delete,False,2026-02-21 17:07:09
73.0,114.0,,topic_delete,False,2026-02-21 21:32:49
126.0,165.0,,topic_delete,False,2026-02-21 04:33:58
201.0,54.0,,topic_delete,True,2026-02-21 19:57:44
14.0,,,login,True,2026-02-22 04:52:19
153.0,,,login,True,2026-02-22 22:33:35
36.0,,,login,True,2026-02-22 10:12:52
11.0,,,login,True,2026-02-22 20:18:05
173.0,,,login,True,2026-02-22 21:46:18
75.0,,,login,True,2026-02-22 01:48:02
127.0,,,login,True,2026-02-22 11:47:38
53.0,,,login,True,2026-02-22 17:30:06
4.0,,,login,True,2026-02-22 10:44:14
196.0,,,login,True,2026-02-22 20:12:35
161.0,,,logout,True,2026-02-22 02:11:21
107.0,,,logout,True,2026-02-22 10:13:06
137.0,,,logout,True,2026-02-22 08:21:05
122.0,,,logout,True,2026-02-22 01:19:01
127.0,,,logout,True,2026-02-22 09:52:54
68.0,,,logout,True,2026-02-22 23:23:28
175.0,,,logout,True,2026-02-22 13:11:11
81.0,,,logout,True,2026-02-22 11:35:38
88.0,,,logout,True,2026-02-22 10:59:04
,43.0,,topic_visit,False,2026-02-22 11:28:54
,108.0,,topic_visit,False,2026-02-22 03:39:00
,67.0,,topic_visit,True,2026-02-22 03:20:21
,61.0,,topic_visit,True,2026-02-22 18:15:30
162.0,102.0,,topic_visit,False,2026-02-22 13:21:17
,67.0,,topic_visit,True,2026-02-22 20:00:27
67.0,52.0,,topic_visit,True,2026-02-22 06:06:44
,70.0,,topic_visit,False,2026-02-22 15:38:57
90.0,96.0,,topic_delete,True,2026-02-22 16:33:21
169.0,97.0,,topic_delete,False,2026-02-22 11:49:11
6.0,76.0,,topic_delete,False,2026-02-22 23:55:05
121.0,66.0,,topic_delete,False,2026-02-22 04:07:51
47.0,106.0,,topic_delete,False,2026-02-22 10:28:33
7.0,,,login,True,2026-02-23 00:38:48
32.0,,,login,True,2026-02-23 22:34:57
15.0,,,login,True,2026-02-23 04:09:29
113.0,,,login,True,2026-02-23 08:44:13
188.0,,,login,True,2026-02-23 01:00:25
27.0,,,login,True,2026-02-23 09:38:28
82.0,,,login,True,2026-02-23 03:01:19
90.0,,,login,True,2026-02-23 08:46:25
182.0,,,login,True,2026-02-23 14:24:19
86.0,,,logout,True,2026-02-23 18:46:07
206.0,,,logout,True,2026-02-23 22:29:31
114.0,,,logout,True,2026-02-23 01:09:55
10.0,,,logout,True,2026-02-23 23:08:06
83.0,,,logout,True,2026-02-23 09:21:52
80.0,,,logout,True,2026-02-23 19:09:31
,166.0,,topic_visit,False,2026-02-23 09:19:31
63.0,74.0,,topic_visit,False,2026-02-23 08:55:31
38.0,38.0,,topic_visit,False,2026-02-23 05:22:30
14.0,62.0,,topic_visit,True,2026-02-23 07:50:18
,123.0,,topic_visit,True,2026-02-23 04:24:16
,100.0,,topic_visit,False,2026-02-23 17:02:35
173.0,166.0,,topic_visit,False,2026-02-23 22:50:11
81.0,115.0,,topic_delete,False,2026-02-23 00:51:35
91.0,37.0,,topic_delete,True,2026-02-23 06:36:24
14.0,170.0,,topic_delete,True,2026-02-23 08:31:16
101.0,44.0,,topic_delete,False,2026-02-23 00:19:56
182.0,112.0,,topic_delete,False,2026-02-23 06:40:06
143.0,146.0,,topic_delete,False,2026-02-23 16:57:23
201.0,54.0,,topic_delete,False,2026-02-23 04:47:44
206.0,,,login,True,2026-02-24 03:53:36
102.0,,,login,True,2026-02-24 16:11:53
59.0,,,login,True,2026-02-24 11:52:36
176.0,,,login,True,2026-02-24 12:02:49
135.0,,,login,True,2026-02-24 06:38:48
70.0,,,logout,True,2026-02-24 06:24:42
85.0,,,logout,True,2026-02-24 19:50:51
11.0,,,logout,True,2026-02-24 12:19:38
196.0,,,logout,True,2026-02-24 12:31:10
101.0,,,logout,True,2026-02-24 14:33:15
26.0,3.0,,topic_visit,False,2026-02-24 02:29:46
,101.0,,topic_visit,True,2026-02-24 03:29:55
119.0,69.0,,topic_visit,True,2026-02-24 15:18:23
,145.0,,topic_visit,False,2026-02-24 23:40:34
145.0,16.0,,topic_visit,False,2026-02-24 20:02:50
192.0,26.0,,topic_visit,False,2026-02-24 02:00:21
,19.0,,topic_visit,False,2026-02-24 20:10:29
28.0,38.0,,topic_delete,False,2026-02-24 15:55:50
20.0,159.0,,topic_delete,False,2026-02-24 06:39:58
75.0,121.0,,topic_delete,True,2026-02-24 08:47:36
188.0,1.0,,topic_delete,True,2026-02-24 19:04:20
58.0,2.0,,topic_delete,False,2026-02-24 19:48:44
47.0,106.0,,topic_delete,False,2026-02-24 12:23:04
28.0,147.0,,topic_delete,True,2026-02-24 11:16:41
178.0,30.0,,topic_delete,True,2026-02-24 23:50:53
17.0,,,login,True,2026-02-25 05:43:23
87.0,,,login,True,2026-02-25 19:31:41
38.0,,,login,True,2026-02-25 12:35:36
48.0,,,login,True,2026-02-25 16:45:56
174.0,,,login,True,2026-02-25 02:00:20
159.0,,,login,True,2026-02-25 08:00:36
96.0,,,logout,True,2026-02-25 00:22:32
109.0,,,logout,True,2026-02-25 02:30:57
58.0,,,logout,True,2026-02-25 20:55:40
189.0,,,logout,True,2026-02-25 21:58:53
159.0,,,logout,True,2026-02-25 12:41:44
116.0,,,logout,True,2026-02-25 08:16:53
145.0,,,logout,True,2026-02-25 17:41:37
125.0,,,logout,True,2026-02-25 11:12:16
126.0,,,logout,True,2026-02-25 06:52:08
,96.0,,topic_visit,False,2026-02-25 22:57:43
192.0,4.0,,topic_visit,True,2026-02-25 01:29:00
,82.0,,topic_visit,False,2026-02-25 04:52:32
,15.0,,topic_visit,False,2026-02-25 12:14:50
,43.0,,topic_visit,False,2026-02-25 16:41:13
146.0,149.0,,topic_visit,False,2026-02-25 06:38:53
,50.0,,topic_visit,True,2026-02-25 07:26:29
15.0,16.0,,topic_delete,False,2026-02-25 15:44:15
69.0,143.0,,topic_delete,False,2026-02-25 01:03:12
6.0,142.0,,topic_delete,False,2026-02-25 19:06:48
77.0,58.0,,topic_delete,False,2026-02-25 20:01:51
200.0,130.0,,topic_delete,True,2026-02-25 15:14:03
58.0,91.0,,topic_delete,False,2026-02-25 01:05:47
180.0,,,login,True,2026-02-26 16:58:00
9.0,,,login,True,2026-02-26 23:08:17
108.0,,,login,True,2026-02-26 21:56:41
45.0,,,login,True,2026-02-26 07:31:58
109.0,,,login,True,2026-02-26 14:37:31
75.0,,,login,True,2026-02-26 23:02:30
190.0,,,login,True,2026-02-26 10:31:42
2.0,,,login,True,2026-02-26 06:36:43
203.0,,,logout,True,2026-02-26 10:37:30
71.0,,,logout,True,2026-02-26 09:06:35
17.0,,,logout,True,2026-02-26 22:04:52
68.0,,,logout,True,2026-02-26 22:42:41
80.0,,,logout,True,2026-02-26 16:08:04
60.0,,,logout,True,2026-02-26 09:53:33
91.0,,,logout,True,2026-02-26 08:38:30
168.0,,,logout,True,2026-02-26 22:30:10
109.0,,,logout,True,2026-02-26 10:23:28
86.0,,,logout,True,2026-02-26 23:02:53
104.0,14.0,,topic_visit,False,2026-02-26 14:40:48
41.0,63.0,,topic_visit,False,2026-02-26 08:03:39
,126.0,,topic_visit,False,2026-02-26 16:23:26
196.0,41.0,,topic_visit,False,2026-02-26 16:50:00
141.0,151.0,,topic_visit,True,2026-02-26 23:08:48
14.0,168.0,,topic_delete,True,2026-02-26 11:01:28
51.0,166.0,,topic_delete,False,2026-02-26 09:46:14
44.0,51.0,,topic_delete,False,2026-02-26 08:46:15
193.0,90.0,,topic_delete,False,2026-02-26 05:33:45
140.0,126.0,,topic_delete,False,2026-02-26 21:41:15
141.0,32.0,,topic_delete,False,2026-02-26 02:54:29
131.0,48.0,,topic_delete,True,2026-02-26 06:51:51
89.0,82.0,,topic_delete,False,2026-02-26 14:05:07
77.0,58.0,,topic_delete,False,2026-02-26 15:25:50
91.0,,,login,True,2026-02-27 10:57:06
16.0,,,login,True,2026-02-27 04:45:11
185.0,,,login,True,2026-02-27 02:10:07
23.0,,,login,True,2026-02-27 22:11:39
47.0,,,login,True,2026-02-27 17:18:17
96.0,,,logout,True,2026-02-27 17:13:05
78.0,,,logout,True,2026-02-27 13:46:20
178.0,,,logout,True,2026-02-27 14:30:27
42.0,,,logout,True,2026-02-27 16:19:53
123.0,,,logout,True,2026-02-27 03:46:47
143.0,,,logout,True,2026-02-27 19:42:50
177.0,,,logout,True,2026-02-27 21:23:34
61.0,,,logout,True,2026-02-27 23:52:17
135.0,163.0,,topic_visit,True,2026-02-27 05:53:15
,138.0,,topic_visit,False,2026-02-27 22:59:58
,158.0,,topic_visit,False,2026-02-27 15:24:35
75.0,147.0,,topic_visit,False,2026-02-27 16:48:10
27.0,7.0,,topic_visit,False,2026-02-27 00:36:29
53.0,34.0,,topic_visit,False,2026-02-27 13:55:59
113.0,32.0,,topic_visit,False,2026-02-27 07:09:10
129.0,20.0,,topic_visit,False,2026-02-27 13:53:03
158.0,134.0,,topic_visit,True,2026-02-27 14:22:57
178.0,15.0,,topic_visit,False,2026-02-27 11:41:14
66.0,84.0,,topic_delete,False,2026-02-27 13:24:50
177.0,45.0,,topic_delete,False,2026-02-27 21:12:40
126.0,99.0,,topic_delete,True,2026-02-27 01:06:39
120.0,56.0,,topic_delete,False,2026-02-27 15:08:31
135.0,18.0,,topic_delete,False,2026-02-27 05:14:02
118.0,72.0,,topic_delete,False,2026-02-27 05:17:36
161.0,123.0,,topic_delete,True,2026-02-27 22:33:27
136.0,35.0,,topic_delete,True,2026-02-27 11:49:00
180.0,,,login,True,2026-02-28 10:30:34
178.0,,,login,True,2026-02-28 01:28:10
79.0,,,login,True,2026-02-28 13:26:24
201.0,,,login,True,2026-02-28 11:34:08
206.0,,,login,True,2026-02-28 06:47:40
68.0,,,login,True,2026-02-28 16:17:42
75.0,,,logout,True,2026-02-28 20:55:48
28.0,,,logout,True,2026-02-28 09:05:51
97.0,,,logout,True,2026-02-28 12:36:11
63.0,,,logout,True,2026-02-28 04:18:38
43.0,,,logout,True,2026-02-28 01:45:43
60.0,,,logout,True,2026-02-28 19:54:30
71.0,,,logout,True,2026-02-28 20:42:19
54.0,,,logout,True,2026-02-28 14:15:56
,152.0,,topic_visit,True,2026-02-28 07:47:22
,120.0,,topic_visit,False,2026-02-28 19:55:34
,69.0,,topic_visit,True,2026-02-28 13:02:50
,28.0,,topic_visit,False,2026-02-28 08:41:25
,96.0,,topic_visit,False,2026-02-28 00:29:03
,88.0,,topic_visit,True,2026-02-28 01:49:52
,36.0,,topic_visit,True,2026-02-28 20:01:52
184.0,36.0,,topic_delete,True,2026-02-28 16:08:30
122.0,109.0,,topic_delete,True,2026-02-28 09:33:25
115.0,163.0,,topic_delete,True,2026-02-28 08:47:33
168.0,154.0,,topic_delete,False,2026-02-28 01:55:49
10.0,22.0,,topic_delete,False,2026-02-28 07:46:44
