topic_id,user_id,title,deleted_at,created_at,updated_at
1,188,Запеть приличный строительство сравнение невозможно скрытый рота невыносимый.,2026-02-24 19:04:20,2026-02-01 17:13:20,2026-02-01 17:13:20
2,58,Рота достоинство кузнец мрачно постоянный мелькнуть поговорить.,2026-02-20 02:42:00,2026-02-01 03:02:34,2026-02-01 03:02:34
3,183,Инфекция некоторый изображать скользить головка спорт.,2026-02-05 09:49:31,2026-02-01 12:14:01,2026-02-01 12:14:01
4,42,Выразить выкинуть перебивать оборот написать сверкать серьезный.,,2026-02-01 08:40:33,2026-02-01 08:40:33
5,50,Второй строительство посидеть даль.,2026-02-04 13:36:24,2026-02-02 01:33:08,2026-02-02 01:33:08
6,40,Ход изучить уточнить командующий парень виднеться пропадать.,2026-02-19 21:42:21,2026-02-02 13:10:11,2026-02-02 13:10:11
7,96,Падать провал запустить пастух зарплата горький нож.,2026-02-09 09:22:22,2026-02-02 18:44:26,2026-02-02 18:44:26
8,61,А палец демократия карандаш совет.,2026-02-09 14:37:11,2026-02-02 08:17:58,2026-02-02 08:17:58
9,50,Факультет блин кузнец результат находить.,2026-02-05 07:57:05,2026-02-02 12:23:42,2026-02-02 12:23:42
10,83,Светило расстегнуть около.,2026-02-15 13:03:22,2026-02-03 19:30:51,2026-02-03 19:30:51
11,118,Тяжелый господь бок недостаток зачем заведение.,2026-02-06 05:34:22,2026-02-03 03:54:20,2026-02-03 03:54:20
12,22,Приятель заплакать казнь вздрагивать выраженный школьный.,2026-02-12 06:49:14,2026-02-03 18:43:11,2026-02-03 18:43:11
13,59,Желание результат единый выразить.,,2026-02-03 13:24:53,2026-02-03 13:24:53
14,31,Рис обида шлем инвалид приходить.,2026-02-12 16:57:08,2026-02-03 04:29:20,2026-02-03 04:29:20
15,51,Табак совещание лапа низкий необычный приятель.,2026-02-02 05:52:25,2026-02-03 12:30:07,2026-02-03 12:30:07
16,15,Вскакивать смеяться решетка засунуть желание материя.,2026-02-12 13:23:54,2026-02-04 03:21:50,2026-02-04 03:21:50
17,67,Художественный волк увеличиваться песенка хозяйка.,2026-02-17 06:21:42,2026-02-04 01:26:03,2026-02-04 01:26:03
18,135,Низкий лапа возбуждение еврейский картинка.,2026-02-01 01:07:13,2026-02-04 20:47:52,2026-02-04 20:47:52
19,179,Болото упор экзамен.,2026-02-01 02:09:55,2026-02-04 00:20:58,2026-02-04 00:20:58
20,121,Ответить более заплакать вообще сравнение ход присесть.,2026-02-02 07:17:42,2026-02-05 04:22:40,2026-02-05 04:22:40
21,130,Уточнить монета очутиться мгновение валюта премьера порт.,,2026-02-05 17:30:49,2026-02-05 17:30:49
22,10,Добиться цвет полностью художественный изба.,2026-02-10 11:04:37,2026-02-05 00:06:34,2026-02-05 00:06:34
23,89,Пропадать изменение реклама светило инфекция механический.,2026-02-11 22:23:40,2026-02-05 12:51:53,2026-02-05 12:51:53
24,154,Жить освободить инвалид вскакивать решение пол предоставить.,,2026-02-05 04:34:36,2026-02-05 04:34:36
25,173,Возникновение палец покидать равнодушный команда.,,2026-02-05 09:47:19,2026-02-05 09:47:19
26,125,Пропадать поймать провинция точно развернуться сверкать холодно выдержать.,2026-02-18 08:08:12,2026-02-05 02:37:16,2026-02-05 02:37:16
27,177,Применяться функция очередной издали вскакивать серьезный.,,2026-02-06 01:50:19,2026-02-06 01:50:19
28,93,А миг бетонный что иной угроза угроза.,2026-02-08 22:48:36,2026-02-06 14:17:18,2026-02-06 14:17:18
29,41,Миг каюта совет витрина.,2026-02-04 02:56:34,2026-02-06 15:20:54,2026-02-06 15:20:54
30,178,Вариант решетка запретить металл.,2026-02-24 23:50:53,2026-02-06 14:35:05,2026-02-06 14:35:05
31,70,Неправда металл тесно смеяться.,2026-02-02 20:31:15,2026-02-06 18:46:31,2026-02-06 18:46:31
32,141,Достоинство важный левый умолять умолять.,2026-02-06 14:41:11,2026-02-06 07:46:26,2026-02-06 07:46:26
33,68,Палка подробность холодно возникновение гулять песенка.,,2026-02-06 21:05:26,2026-02-06 21:05:26
34,75,Прощение следовательно лететь граница деловой изображать вздрагивать.,2026-02-18 18:36:43,2026-02-07 22:07:01,2026-02-07 22:07:01
35,136,Направо трясти художественный помолчать секунда.,2026-02-27 11:49:00,2026-02-07 00:12:26,2026-02-07 00:12:26
36,184,Возбуждение решение господь висеть сопровождаться военный мгновение засунуть.,2026-02-28 16:08:30,2026-02-07 23:19:52,2026-02-07 23:19:52
37,91,Коллектив прежде следовательно намерение низкий эпоха девка.,2026-02-23 06:36:24,2026-02-07 12:37:57,2026-02-07 12:37:57
38,28,Неправда коллектив результат цвет затянуться.,2026-02-02 10:30:45,2026-02-07 04:58:52,2026-02-07 04:58:52
39,26,Оборот дурацкий прошептать вывести смертельный возбуждение угол.,2026-02-12 12:17:01,2026-02-07 10:49:14,2026-02-07 10:49:14
40,65,Дрогнуть эпоха человечек смертельный.,2026-02-14 06:23:50,2026-02-07 18:51:18,2026-02-07 18:51:18
41,3,Трубка бригада прошептать.,2026-02-12 10:48:58,2026-02-08 04:42:43,2026-02-08 04:42:43
42,199,Увеличиваться серьезный недостаток забирать.,2026-02-02 05:23:12,2026-02-08 16:43:41,2026-02-08 16:43:41
43,67,Потрясти непривычный песня.,2026-02-03 13:01:59,2026-02-08 23:06:05,2026-02-08 23:06:05
44,101,Вздрагивать ягода школьный покидать.,2026-02-06 06:40:52,2026-02-09 21:19:46,2026-02-09 21:19:46
45,177,Зато важный мелочь космос мгновение.,2026-02-09 14:39:20,2026-02-09 04:58:56,2026-02-09 04:58:56
46,164,Даль отъезд сверкающий рассуждение.,,2026-02-09 16:45:01,2026-02-09 16:45:01
47,123,Полюбить иной самостоятельно функция зеленый бок.,2026-02-10 05:08:00,2026-02-09 07:45:23,2026-02-09 07:45:23
48,131,Висеть еврейский грудь бегать дружно казнь рассуждение.,2026-02-26 06:51:51,2026-02-10 09:22:14,2026-02-10 09:22:14
49,89,Домашний спорт академик.,2026-02-04 12:56:51,2026-02-10 18:41:06,2026-02-10 18:41:06
50,179,Порядок мальчишка точно тесно.,,2026-02-10 06:27:59,2026-02-10 06:27:59
51,44,О умирать носок вытаскивать пропадать развернуться зарплата.,2026-02-09 09:36:36,2026-02-10 13:22:18,2026-02-10 13:22:18
52,201,Ярко витрина собеседник провал монета выдержать.,,2026-02-10 16:59:21,2026-02-10 16:59:21
53,116,Задрать стакан свежий непривычный художественный пол.,,2026-02-10 06:44:20,2026-02-10 06:44:20
54,201,Ложиться сверкающий миг тусклый потрясти светило инвалид а.,2026-02-21 19:57:44,2026-02-10 11:11:00,2026-02-10 11:11:00
55,35,Пропасть покидать слишком развитый.,,2026-02-10 09:07:19,2026-02-10 09:07:19
56,120,Аж перебивать рай процесс зеленый.,2026-02-14 17:47:28,2026-02-11 05:26:13,2026-02-11 05:26:13
57,34,Вскинуть грудь академик серьезный.,2026-02-03 08:33:35,2026-02-11 07:20:20,2026-02-11 07:20:20
58,77,Освобождение роскошный крыса боец.,2026-02-11 20:38:42,2026-02-11 04:53:07,2026-02-11 04:53:07
59,155,Горький сравнение июнь покидать собеседник невыносимый самостоятельно.,,2026-02-11 13:57:08,2026-02-11 13:57:08
60,15,Покинуть советовать вскакивать космос потрясти.,,2026-02-11 05:57:18,2026-02-11 05:57:18
61,198,Медицина выраженный актриса монета самостоятельно экзамен невозможно.,,2026-02-11 21:23:49,2026-02-11 21:23:49
62,61,Очередной выгнать приятель академик теория слать.,,2026-02-12 05:32:58,2026-02-12 05:32:58
63,170,Дружно рай цвет танцевать вздрогнуть.,2026-02-10 05:36:44,2026-02-12 12:25:09,2026-02-12 12:25:09
64,95,Деньги мелочь четыре карандаш.,,2026-02-12 18:27:41,2026-02-12 18:27:41
65,141,Мелькнуть вскинуть важный.,,2026-02-12 03:39:38,2026-02-12 03:39:38
66,121,Написать житель крыса находить ложиться задержать.,2026-02-03 05:05:06,2026-02-13 08:32:35,2026-02-13 08:32:35
67,197,Конструкция фонарик песенка кидать спешить.,,2026-02-13 04:44:30,2026-02-13 04:44:30
68,58,Валюта какой наслаждение оборот кожа.,2026-02-07 07:43:43,2026-02-13 18:27:09,2026-02-13 18:27:09
69,82,Затянуться развитый лиловый.,,2026-02-13 18:20:36,2026-02-13 18:20:36
70,69,Демократия находить художественный.,2026-02-16 11:11:03,2026-02-13 13:44:59,2026-02-13 13:44:59
71,64,Витрина расстройство приятель кольцо.,2026-02-18 23:16:03,2026-02-13 17:43:01,2026-02-13 17:43:01
72,118,Функция командир падаль функция грустный.,2026-02-16 13:51:21,2026-02-13 07:24:23,2026-02-13 07:24:23
73,52,Функция вздрогнуть разнообразный банда следовательно выгнать.,,2026-02-14 14:22:30,2026-02-14 14:22:30
74,34,Тесно собеседник предоставить интернет.,2026-02-15 06:29:11,2026-02-14 00:53:43,2026-02-14 00:53:43
75,47,Коммунизм слать темнеть мрачно.,2026-02-14 12:05:05,2026-02-14 12:08:56,2026-02-14 12:08:56
76,6,Идея аж бак командующий нервно умолять труп.,2026-02-21 18:48:41,2026-02-14 17:28:11,2026-02-14 17:28:11
77,105,Командование растеряться сходить народ багровый еврейский монета исполнять.,,2026-02-15 09:51:12,2026-02-15 09:51:12
78,11,Назначить бетонный следовательно а аж падаль.,,2026-02-15 03:23:19,2026-02-15 03:23:19
79,50,Назначить темнеть тюрьма салон бригада.,,2026-02-15 08:37:48,2026-02-15 08:37:48
80,52,Голубчик пропасть конструкция правый полностью.,,2026-02-15 18:56:48,2026-02-15 18:56:48
81,147,Ремень инструкция жидкий рота изучить дошлый очко.,2026-02-07 02:18:00,2026-02-15 07:47:31,2026-02-15 07:47:31
82,89,Совещание около лапа крыса.,2026-02-08 11:59:26,2026-02-15 08:21:04,2026-02-15 08:21:04
83,75,Актриса привлекать легко холодно.,2026-02-13 06:59:15,2026-02-15 22:02:35,2026-02-15 22:02:35
84,66,Палата палец трясти упор снимать растеряться рис.,2026-02-14 17:31:57,2026-02-15 09:00:19,2026-02-15 09:00:19
85,38,Интернет горький применяться дорогой трубка.,2026-02-06 09:02:48,2026-02-16 10:47:49,2026-02-16 10:47:49
86,91,Добиться нажать иной дорогой тревога зарплата.,2026-02-03 22:23:44,2026-02-16 18:42:51,2026-02-16 18:42:51
87,123,Чем трубка конференция вздрагивать.,2026-02-21 18:10:04,2026-02-16 03:29:21,2026-02-16 03:29:21
88,26,Ложиться девка изредка сверкать спасть очко покинуть.,,2026-02-16 18:03:55,2026-02-16 18:03:55
89,143,Слать армейский художественный миллиард изменение мимо.,,2026-02-16 18:12:23,2026-02-16 18:12:23
90,193,Интернет спешить житель привлекать жить ложиться.,2026-02-09 10:22:50,2026-02-17 04:55:32,2026-02-17 04:55:32
91,58,Жестокий близко выкинуть неожиданно советовать.,2026-02-04 16:44:10,2026-02-17 22:58:14,2026-02-17 22:58:14
92,152,Советовать посидеть спичка.,2026-02-01 01:30:51,2026-02-17 08:54:14,2026-02-17 08:54:14
93,24,Сопровождаться песенка деньги магазин художественный головка.,,2026-02-17 20:07:12,2026-02-17 20:07:12
94,37,Поколение белье правильный академик труп реклама.,2026-02-01 15:25:33,2026-02-17 18:00:40,2026-02-17 18:00:40
95,45,Инфекция кидать лететь задрать скрытый.,2026-02-09 22:48:34,2026-02-17 03:31:46,2026-02-17 03:31:46
96,90,Тысяча присесть бровь устройство.,2026-02-22 16:33:21,2026-02-18 22:32:29,2026-02-18 22:32:29
97,169,Сбросить висеть пятеро левый коробка.,2026-02-04 00:35:16,2026-02-18 08:12:48,2026-02-18 08:12:48
98,80,Передо потом славный кидать опасность что.,2026-02-20 14:33:07,2026-02-18 08:39:46,2026-02-18 08:39:46
99,126,Вскинуть зима мгновение угол мягкий миф.,2026-02-27 01:06:39,2026-02-18 20:47:13,2026-02-18 20:47:13
100,163,Товар прежде белье.,2026-02-16 22:27:29,2026-02-18 06:47:29,2026-02-18 06:47:29
101,16,Господь райком витрина грустный угол.,,2026-02-18 02:45:33,2026-02-18 02:45:33
102,5,Вообще поезд куча при печатать.,2026-02-04 02:41:07,2026-02-19 14:13:47,2026-02-19 14:13:47
103,94,Хотеть человечек растеряться направо построить.,2026-02-17 00:12:33,2026-02-19 17:11:03,2026-02-19 17:11:03
104,125,Советовать покидать поздравлять растеряться набор.,2026-02-07 05:51:30,2026-02-19 05:32:12,2026-02-19 05:32:12
105,86,Виднеться естественный выдержать мимо расстройство самостоятельно палка.,,2026-02-19 03:33:08,2026-02-19 03:33:08
106,47,Карандаш господь невозможно через разнообразный.,2026-02-16 16:38:14,2026-02-19 09:28:45,2026-02-19 09:28:45
107,182,Упор миллиард решетка спорт.,,2026-02-20 13:45:09,2026-02-20 13:45:09
108,2,Что экзамен товар поколение.,2026-02-09 20:40:47,2026-02-20 13:13:25,2026-02-20 13:13:25
109,122,Плод снимать вздрагивать совещание цепочка зато.,2026-02-28 09:33:25,2026-02-20 03:25:46,2026-02-20 03:25:46
110,14,Сынок ломать роскошный аж результат.,,2026-02-20 00:38:49,2026-02-20 00:38:49
111,182,Труп счастье медицина промолчать цепочка.,2026-02-01 22:52:16,2026-02-20 20:33:13,2026-02-20 20:33:13
112,182,Возникновение степь рот выдержать.,2026-02-01 11:12:26,2026-02-20 09:09:50,2026-02-20 09:09:50
113,117,Передо назначить зато банда.,2026-02-05 13:36:58,2026-02-20 03:18:45,2026-02-20 03:18:45
114,73,Механический зеленый провал налоговый увеличиваться.,2026-02-11 23:27:26,2026-02-20 07:26:53,2026-02-20 07:26:53
115,81,Грустный висеть хотеть нож.,2026-02-11 00:49:18,2026-02-21 13:09:50,2026-02-21 13:09:50
116,56,Бабочка сустав полоска багровый граница бабочка другой.,2026-02-18 09:52:57,2026-02-21 08:38:09,2026-02-21 08:38:09
117,12,Прелесть разуметься избегать заплакать господь расстройство вздрагивать.,2026-02-14 04:59:54,2026-02-21 14:14:37,2026-02-21 14:14:37
118,67,Медицина мелькнуть неправда предоставить некоторый.,2026-02-16 22:47:45,2026-02-21 14:42:32,2026-02-21 14:42:32
119,155,Кидать плод эффект ремень граница бочок около.,,2026-02-21 11:09:33,2026-02-21 11:09:33
120,35,Рай тяжелый белье сынок багровый при.,2026-02-08 22:00:28,2026-02-21 00:41:26,2026-02-21 00:41:26
121,75,Сустав забирать пропаганда граница полностью пробовать.,2026-02-24 08:47:36,2026-02-21 21:03:56,2026-02-21 21:03:56
122,62,Мрачно при кидать освобождение забирать сынок.,2026-02-18 18:57:57,2026-02-21 01:03:16,2026-02-21 01:03:16
123,161,Миф выраженный способ а место.,2026-02-27 22:33:27,2026-02-22 03:45:15,2026-02-22 03:45:15
124,8,Угол оставить сохранять угодный.,2026-02-13 17:33:46,2026-02-22 09:03:32,2026-02-22 09:03:32
125,81,Плод командир ломать.,2026-02-08 08:29:14,2026-02-22 17:36:14,2026-02-22 17:36:14
126,140,Ягода ведь место набор грудь.,2026-02-15 01:49:00,2026-02-22 11:12:25,2026-02-22 11:12:25
127,135,Собеседник ленинград тысяча тута очутиться.,2026-02-06 01:38:16,2026-02-22 00:38:12,2026-02-22 00:38:12
128,91,Крутой пятеро цепочка кольцо тесно зачем.,,2026-02-22 17:58:20,2026-02-22 17:58:20
129,126,Ответить монета изображать основание.,,2026-02-22 07:59:39,2026-02-22 07:59:39
130,200,Сопровождаться роса изредка правый.,2026-02-25 15:14:03,2026-02-22 18:13:58,2026-02-22 18:13:58
131,137,Инвалид висеть выражение бабочка спичка новый.,2026-02-11 10:19:28,2026-02-23 17:03:46,2026-02-23 17:03:46
132,85,Металл другой заработать пропаганда валюта потянуться.,2026-02-06 08:10:19,2026-02-23 16:30:40,2026-02-23 16:30:40
133,35,Самостоятельно грудь эффект район подробность иной пастух ставить.,,2026-02-23 01:34:57,2026-02-23 01:34:57
134,15,Решение отъезд художественный зима серьезный передо.,,2026-02-23 02:48:31,2026-02-23 02:48:31
135,193,Князь сравнение багровый расстегнуть миллиард.,2026-02-07 16:35:48,2026-02-23 08:27:58,2026-02-23 08:27:58
136,2,Мотоцикл недостаток команда.,2026-02-03 21:02:39,2026-02-23 07:27:36,2026-02-23 07:27:36
137,113,Налево успокоиться растеряться тюрьма присесть дьявол прощение.,2026-02-21 18:00:19,2026-02-23 09:34:04,2026-02-23 09:34:04
138,121,Манера ход спичка расстройство ученый.,2026-02-05 02:15:13,2026-02-23 08:26:39,2026-02-23 08:26:39
139,94,Рота нож коммунизм космос собеседник важный.,2026-02-03 02:00:39,2026-02-24 20:42:55,2026-02-24 20:42:55
140,137,Боец командующий пересечь передо торопливый инструкция.,2026-02-07 11:29:44,2026-02-24 07:30:44,2026-02-24 07:30:44
141,12,Оставить серьезный демократия число другой.,,2026-02-24 22:15:54,2026-02-24 22:15:54
142,6,Коллектив висеть дальний мера.,2026-02-12 19:05:29,2026-02-24 03:31:02,2026-02-24 03:31:02
143,69,Песня левый доставать ночь.,2026-02-20 07:06:37,2026-02-24 23:49:56,2026-02-24 23:49:56
144,46,Запеть свежий торговля болото приходить спорт.,2026-02-07 18:30:48,2026-02-24 17:03:58,2026-02-24 17:03:58
145,89,Постоянный конференция печатать правление избегать.,2026-02-14 22:07:45,2026-02-24 13:35:01,2026-02-24 13:35:01
146,143,Вскакивать ученый засунуть термин тесно руководитель.,2026-02-13 03:13:45,2026-02-25 22:18:36,2026-02-25 22:18:36
147,28,Райком школьный штаб беспомощный процесс заявление опасность.,2026-02-24 11:16:41,2026-02-25 09:15:05,2026-02-25 09:15:05
148,197,Миг аллея академик появление господь анализ.,2026-02-09 22:59:31,2026-02-25 21:50:09,2026-02-25 21:50:09
149,58,Полевой аллея девка вытаскивать холодно.,2026-02-17 18:09:30,2026-02-25 16:42:39,2026-02-25 16:42:39
150,87,Уточнить забирать хотеть солнце полоска зеленый чувство.,2026-02-02 06:17:25,2026-02-25 14:17:58,2026-02-25 14:17:58
151,185,Бак лиловый ведь провинция некоторый академик.,,2026-02-25 11:08:30,2026-02-25 11:08:30
152,111,Радость остановить легко слишком изображать ложиться штаб.,,2026-02-26 20:12:38,2026-02-26 20:12:38
153,31,Кидать лиловый дружно сынок цвет триста.,2026-02-02 05:48:33,2026-02-26 19:54:25,2026-02-26 19:54:25
154,168,Эффект шлем освобождение.,2026-02-03 11:08:15,2026-02-26 10:11:34,2026-02-26 10:11:34
155,77,Жидкий иной четко крутой прелесть волк столетие дошлый.,,2026-02-26 01:55:50,2026-02-26 01:55:50
156,182,Точно спичка стакан спалить мягкий.,,2026-02-26 03:46:23,2026-02-26 03:46:23
157,50,Сынок строительство увеличиваться приходить.,2026-02-18 01:39:45,2026-02-26 04:35:47,2026-02-26 04:35:47
158,68,Триста командующий порог неудобно неожиданный волк.,2026-02-13 03:39:19,2026-02-26 15:08:54,2026-02-26 15:08:54
159,20,Выраженный руководитель домашний вытаскивать миллиард дрогнуть белье волк.,2026-02-02 06:58:03,2026-02-26 01:34:28,2026-02-26 01:34:28
160,161,Разводить передо выкинуть ремень палец.,,2026-02-27 01:43:01,2026-02-27 01:43:01
161,147,Порт палата белье угодный сопровождаться зеленый.,,2026-02-27 20:04:27,2026-02-27 20:04:27
162,4,Коммунизм факультет правление.,,2026-02-27 05:43:44,2026-02-27 05:43:44
163,115,Ныне дружно падать даль вздрагивать.,2026-02-28 08:47:33,2026-02-27 06:23:33,2026-02-27 06:23:33
164,105,Функция светило интеллектуальный невозможно зачем жестокий полоска монета.,,2026-02-27 06:40:35,2026-02-27 06:40:35
165,126,Карандаш неудобно банк.,2026-02-04 04:39:23,2026-02-27 16:51:26,2026-02-27 16:51:26
166,51,Плод вздрогнуть упорно.,2026-02-02 23:11:48,2026-02-27 04:10:08,2026-02-27 04:10:08
167,199,Более поставить освобождение сверкать.,,2026-02-28 21:11:15,2026-02-28 21:11:15
168,14,Следовательно протягивать падаль монета изучить.,2026-02-26 11:01:28,2026-02-28 03:13:10,2026-02-28 03:13:10
169,194,Картинка основание уничтожение деньги равнодушный.,2026-02-10 19:31:49,2026-02-28 20:25:34,2026-02-28 20:25:34
170,14,Каюта виднеться командующий еврейский невозможно возмутиться пространство.,2026-02-23 08:31:16,2026-02-28 18:44:12,2026-02-28 18:44:12
171,169,Иной жидкий сопровождаться счастье интернет левый правильный.,2026-02-04 18:13:09,2026-02-28 10:47:20,2026-02-28 10:47:20
172,159,Хлеб запеть пасть.,2026-02-05 06:03:53,2026-02-28 06:35:19,2026-02-28 06:35:19
173,87,Упор ученый четыре что плавно головной.,,2026-02-28 11:21:23,2026-02-28 11:21:23
