user_id,email,phone,nickname,registration_date,topic_count,messages_count,created_at,updated_at
1,kirsorokin@example.org,8 (124) 638-4970,fainamorozova,2026-02-01,0,1,2026-02-01 08:10:08,2026-02-01
2,prov1972@example.org,+7 159 969 45 21,zoja_2013,2026-02-01,2,0,2026-02-01 22:58:06,2026-02-01
3,naumovaelena@example.com,+75224131934,karp63,2026-02-01,1,1,2026-02-01 08:26:12,2026-02-01
4,egorovkim@example.com,8 (331) 598-4660,zoja2003,2026-02-01,1,0,2026-02-01 22:48:18,2026-02-01
5,noskovasinklitikija@example.net,+7 (445) 066-2343,nesterovnikandr,2026-02-01,1,0,2026-02-01 14:01:53,2026-02-01
6,marianrozhkov@example.org,89724270012,evdokim_27,2026-02-01,2,1,2026-02-01 18:02:56,2026-02-01
7,alekseevaanna@example.net,+72726267315,koshelevstanislav,2026-02-02,0,0,2026-02-02 01:06:43,2026-02-02
8,beljaevratmir@example.net,+79206837960,borislav1988,2026-02-02,1,1,2026-02-02 03:05:20,2026-02-02
9,nifont1980@example.net,+75907188747,gbespalov,2026-02-02,0,0,2026-02-02 19:51:55,2026-02-02
10,danilatihonov@example.net,82624992660,efimovalarisa,2026-02-02,1,0,2026-02-02 13:38:16,2026-02-02
11,lobanovafaina@example.com,+71322786407,leon_2006,2026-02-02,1,0,2026-02-02 10:09:51,2026-02-02
12,koshelevmili@example.com,81963795702,dorofefedorov,2026-02-02,2,0,2026-02-02 20:07:48,2026-02-02
13,valerija_1996@example.com,86449625936,konstantin_1989,2026-02-02,0,0,2026-02-02 22:41:03,2026-02-02
14,timur26@example.org,8 955 827 64 95,aleksandra_2021,2026-02-02,3,0,2026-02-02 20:14:17,2026-02-02
15,aleksandrovanonna@example.net,84027574055,klavdijakostina,2026-02-03,3,0,2026-02-03 05:46:53,2026-02-03
16,gerasimalekseev@example.com,8 (574) 996-0790,wtretjakova,2026-02-03,1,1,2026-02-03 22:58:51,2026-02-03
17,zahar_2000@example.org,+7 (691) 270-9231,novikovaakulina,2026-02-03,0,1,2026-02-03 02:15:04,2026-02-03
18,orlovalukija@example.net,+7 735 797 5978,kulaginaninel,2026-02-03,0,0,2026-02-03 18:12:18,2026-02-03
19,vsevolod2008@example.com,+7 537 136 3095,denisovelizar,2026-02-03,0,0,2026-02-03 21:55:49,2026-02-03
20,demjan_1986@example.net,8 (237) 285-2141,marfa10,2026-02-03,1,0,2026-02-03 09:17:26,2026-02-03
21,popovvelimir@example.net,8 981 335 03 04,ljubov_92,2026-02-03,0,1,2026-02-03 03:17:17,2026-02-03
22,vseslav95@example.com,85952278908,veronikamerkusheva,2026-02-04,1,0,2026-02-04 06:13:04,2026-02-04
23,stanislav_1990@example.com,8 (627) 729-7208,zaharovalidija,2026-02-04,0,1,2026-02-04 10:43:38,2026-02-04
24,veronika_64@example.org,8 (781) 116-71-08,orehovamarina,2026-02-04,1,1,2026-02-04 16:17:27,2026-02-04
25,elenakuzmina@example.org,8 975 489 6250,filimon38,2026-02-04,0,0,2026-02-04 00:38:46,2026-02-04
26,glafira67@example.com,+7 621 151 74 86,terentevarhip,2026-02-04,2,3,2026-02-04 22:57:31,2026-02-04
27,lukijavladimirova@example.net,+7 703 782 8495,ljubovnekrasova,2026-02-04,0,0,2026-02-04 20:41:34,2026-02-04
28,savelimedvedev@example.org,8 813 894 19 65,maksimiljan49,2026-02-04,2,2,2026-02-04 18:12:17,2026-02-04
29,avde58@example.org,+75755716862,veronikaaksenova,2026-02-04,0,0,2026-02-04 22:22:43,2026-02-04
30,aleksandra2017@example.org,+7 (215) 100-5416,bogdan2022,2026-02-04,0,1,2026-02-04 12:27:54,2026-02-04
31,bandreeva@example.com,+71006059999,polikarp2002,2026-02-05,2,1,2026-02-05 23:13:52,2026-02-05
32,efim42@example.com,+7 411 626 61 23,boris_55,2026-02-05,0,0,2026-02-05 06:06:42,2026-02-05
33,zhdanovaevfrosinija@example.com,83510807546,aleksandrlapin,2026-02-05,0,0,2026-02-05 19:15:56,2026-02-05
34,ustin1975@example.com,+7 (048) 853-8108,marijaignateva,2026-02-05,2,0,2026-02-05 02:36:38,2026-02-05
35,regina_1998@example.org,+7 (273) 965-24-44,cfedorov,2026-02-05,3,1,2026-02-05 04:16:45,2026-02-05
36,qmolchanov@example.net,83876971481,pavel_77,2026-02-05,0,0,2026-02-05 15:46:55,2026-02-05
37,ekaterinalitkina@example.org,+7 392 936 6999,efrem_1987,2026-02-05,1,0,2026-02-05 00:07:46,2026-02-05
38,oksanaveselova@example.com,8 671 585 0158,arefi1998,2026-02-05,1,0,2026-02-05 21:08:57,2026-02-05
39,blohinaevgenija@example.org,8 (550) 417-0561,silvestr1979,2026-02-05,0,0,2026-02-05 11:58:12,2026-02-05
40,agata_99@example.net,+7 879 728 0185,nshilova,2026-02-05,1,0,2026-02-05 23:52:28,2026-02-05
41,elenamelnikova@example.net,+7 402 897 98 74,porfiri90,2026-02-06,1,0,2026-02-06 04:05:42,2026-02-06
42,ljudmila_1984@example.net,+7 119 456 4950,zatsevgleb,2026-02-06,1,2,2026-02-06 08:43:50,2026-02-06
43,irakligolubev@example.org,+72074472759,ignatevaoktjabrina,2026-02-06,0,0,2026-02-06 15:08:26,2026-02-06
44,boris_2007@example.com,87365160191,veselovapelageja,2026-02-06,1,0,2026-02-06 13:54:58,2026-02-06
45,chernovagafon@example.org,8 334 771 11 47,mefodi96,2026-02-06,1,0,2026-02-06 21:47:12,2026-02-06
46,nadezhdapahomova@example.net,8 (212) 345-3794,osipovaevfrosinija,2026-02-07,1,2,2026-02-07 11:04:38,2026-02-07
47,gusevpolikarp@example.com,+72618182728,samolovaalevtina,2026-02-07,2,0,2026-02-07 02:05:29,2026-02-07
48,mihalovvsemil@example.com,+7 942 497 2651,maja_1971,2026-02-07,0,0,2026-02-07 08:38:52,2026-02-07
49,elizaveta2002@example.net,+73557219424,zinovi_59,2026-02-07,0,1,2026-02-07 04:02:27,2026-02-07
50,fevronijalapina@example.org,8 (468) 622-1836,platonshestakov,2026-02-07,4,0,2026-02-07 17:13:46,2026-02-07
51,sevastjan55@example.net,8 253 563 7520,polinavasileva,2026-02-08,2,0,2026-02-08 15:38:51,2026-02-08
52,viktorin41@example.org,+77010263122,solovevmark,2026-02-08,2,0,2026-02-08 22:25:03,2026-02-08
53,agafja35@example.com,8 (462) 199-3625,gerasimovkornil,2026-02-08,0,2,2026-02-08 02:17:28,2026-02-08
54,lazar1986@example.net,8 677 328 5416,opetuhov,2026-02-08,0,0,2026-02-08 04:38:17,2026-02-08
55,radimkononov@example.com,8 (189) 677-93-34,efremovemmanuil,2026-02-08,0,0,2026-02-08 10:36:01,2026-02-08
56,natanpetuhov@example.com,8 (883) 527-6429,ckalinin,2026-02-08,1,0,2026-02-08 02:35:33,2026-02-08
57,lfedotov@example.net,8 930 056 9558,knjazevazinaida,2026-02-08,0,0,2026-02-08 09:28:44,2026-02-08
58,trifonguljaev@example.org,8 520 289 17 75,alina2021,2026-02-08,4,0,2026-02-08 13:32:13,2026-02-08
59,tkononov@example.com,+7 (200) 716-2150,prov_1982,2026-02-08,1,0,2026-02-08 05:26:34,2026-02-08
60,rusakovleon@example.org,+79515457893,foma86,2026-02-08,0,1,2026-02-08 22:44:11,2026-02-08
61,medvedevstepan@example.net,+7 753 754 3545,drozdovepifan,2026-02-09,2,1,2026-02-09 12:48:48,2026-02-09
62,olimpiadaeliseeva@example.org,+7 772 084 0480,anzhelika_80,2026-02-09,1,0,2026-02-09 08:39:37,2026-02-09
63,selivan51@example.com,8 169 481 7519,samolovasvetlana,2026-02-09,0,0,2026-02-09 13:25:44,2026-02-09
64,klavdijasavina@example.org,8 572 859 8384,azatseva,2026-02-09,1,0,2026-02-09 20:01:00,2026-02-09
65,ignati67@example.net,+7 103 228 1353,kabanovaveronika,2026-02-09,1,0,2026-02-09 22:20:36,2026-02-09
66,gjakovlev@example.com,8 687 592 4260,zhuravlevjakub,2026-02-09,1,1,2026-02-09 16:37:27,2026-02-09
67,evdokim43@example.net,+7 449 432 03 74,krjukovspiridon,2026-02-09,3,1,2026-02-09 09:05:14,2026-02-09
68,jpoljakova@example.com,8 (338) 202-23-21,adrian_52,2026-02-09,2,0,2026-02-09 04:09:41,2026-02-09
69,evlampi_1999@example.com,+7 918 287 60 47,valentin1997,2026-02-09,2,1,2026-02-09 14:32:52,2026-02-09
70,isa66@example.net,+7 (679) 363-65-43,emmanuilzhdanov,2026-02-09,1,0,2026-02-09 21:47:27,2026-02-09
71,erofe_31@example.com,84094835423,kalininapollon,2026-02-10,0,0,2026-02-10 09:56:03,2026-02-10
72,olimpi_2026@example.org,8 916 259 72 49,olgakudrjavtseva,2026-02-10,0,0,2026-02-10 15:50:34,2026-02-10
73,zhukovtvorimir@example.com,+7 (954) 878-2847,veragromova,2026-02-10,1,0,2026-02-10 17:06:38,2026-02-10
74,reginabirjukova@example.com,+7 427 062 2107,vasilevaivanna,2026-02-10,0,0,2026-02-10 12:37:05,2026-02-10
75,sazonovagalina@example.net,+7 381 198 99 24,seleznevaoksana,2026-02-10,3,0,2026-02-10 19:52:59,2026-02-10
76,vlasovipati@example.net,83708853653,foti_09,2026-02-10,0,1,2026-02-10 13:12:30,2026-02-10
77,florentinzatsev@example.net,+78854884395,ferapont_38,2026-02-10,2,2,2026-02-10 21:54:38,2026-02-10
78,evgenija28@example.net,8 (084) 787-5340,agafja_1986,2026-02-10,0,1,2026-02-10 20:45:22,2026-02-10
79,varvaradenisova@example.org,8 (109) 546-19-93,tsorokina,2026-02-10,0,1,2026-02-10 00:10:14,2026-02-10
80,kondrat_81@example.com,+7 366 314 8469,pahomkapustin,2026-02-10,1,1,2026-02-10 02:32:41,2026-02-10
81,mark1999@example.org,+7 (769) 951-8044,gsuvorova,2026-02-11,2,0,2026-02-11 19:24:19,2026-02-11
82,iosifgordeev@example.net,8 117 059 9680,xhohlova,2026-02-11,1,0,2026-02-11 08:36:26,2026-02-11
83,bbaranova@example.net,85496009431,emeljanovapollinari,2026-02-11,1,1,2026-02-11 05:23:47,2026-02-11
84,emilijafilippova@example.com,8 (968) 853-6362,kim1985,2026-02-11,0,0,2026-02-11 18:52:56,2026-02-11
85,margaritaguseva@example.com,8 928 397 2967,merkushevaljudmila,2026-02-11,1,0,2026-02-11 07:24:38,2026-02-11
86,suhanovdorofe@example.net,+7 (249) 460-5057,anikita_1976,2026-02-11,1,2,2026-02-11 09:18:45,2026-02-11
87,samuil_44@example.com,+7 (862) 728-75-10,prokl_2010,2026-02-11,2,0,2026-02-11 17:58:11,2026-02-11
88,sergeevapraskovja@example.org,+7 021 804 1651,dobromisl2016,2026-02-12,0,1,2026-02-12 13:38:22,2026-02-12
89,ogromova@example.org,+7 (584) 693-8770,kolesnikovprov,2026-02-12,4,1,2026-02-12 22:34:09,2026-02-12
90,zhuravlevaregina@example.com,+7 (422) 223-0792,harlampi_1989,2026-02-12,1,0,2026-02-12 21:25:17,2026-02-12
91,zinaidaturova@example.net,8 659 281 32 87,alevtina1997,2026-02-12,3,1,2026-02-12 10:32:40,2026-02-12
92,veronika_2018@example.org,83455193844,fedosi55,2026-02-12,0,0,2026-02-12 00:21:42,2026-02-12
93,alevtina_03@example.org,8 170 843 10 96,emilsobolev,2026-02-12,1,1,2026-02-12 19:37:16,2026-02-12
94,kolobovselivan@example.net,8 (945) 418-61-30,semenovavera,2026-02-13,2,1,2026-02-13 15:54:20,2026-02-13
95,gleb_1998@example.net,8 (882) 570-3282,lebedevladislav,2026-02-13,1,2,2026-02-13 15:17:00,2026-02-13
96,kkrasilnikova@example.com,+7 (695) 796-4290,filipp_34,2026-02-13,1,0,2026-02-13 10:38:11,2026-02-13
97,valerjanlazarev@example.org,+7 (135) 677-5173,iosif96,2026-02-13,0,1,2026-02-13 19:12:47,2026-02-13
98,kazimirdavidov@example.net,8 573 196 40 52,valentinakomissarova,2026-02-13,0,0,2026-02-13 04:18:48,2026-02-13
99,sofon1982@example.org,8 (533) 688-40-07,bronislav_2017,2026-02-13,0,1,2026-02-13 16:40:20,2026-02-13
100,innokentisisoev@example.net,+7 (034) 825-57-72,qsisoev,2026-02-14,0,1,2026-02-14 18:50:57,2026-02-14
101,igor1996@example.org,8 576 369 3015,galinaaksenova,2026-02-14,1,0,2026-02-14 12:48:00,2026-02-14
102,maksimiljan_2013@example.org,+7 (077) 071-9526,blinovrjurik,2026-02-14,0,1,2026-02-14 18:50:03,2026-02-14
103,nikanor_1988@example.com,8 (923) 072-5022,sevastjanzhdanov,2026-02-14,0,1,2026-02-14 23:27:45,2026-02-14
104,taras1975@example.org,+7 (697) 532-8668,nkapustin,2026-02-14,0,1,2026-02-14 17:58:14,2026-02-14
105,miroslav_60@example.org,+7 (994) 448-5843,vasilisakalinina,2026-02-14,2,1,2026-02-14 01:13:25,2026-02-14
106,pestovajulija@example.net,8 140 972 7908,muhinsaveli,2026-02-14,0,0,2026-02-14 02:09:29,2026-02-14
107,ponomarevalarisa@example.org,+7 224 643 96 14,fpopov,2026-02-15,0,1,2026-02-15 05:14:53,2026-02-15
108,vladimirtrofimov@example.com,8 (005) 382-3708,jaropolk1974,2026-02-15,0,2,2026-02-15 00:01:01,2026-02-15
109,praskovja1984@example.com,8 (641) 582-7445,revdokimov,2026-02-15,0,0,2026-02-15 03:56:21,2026-02-15
110,crodionova@example.org,+76580638212,nikandr_1983,2026-02-15,0,0,2026-02-15 00:31:12,2026-02-15
111,julirogov@example.com,+7 (689) 258-90-86,samuilefremov,2026-02-15,1,1,2026-02-15 14:41:49,2026-02-15
112,evlampi_1999@example.org,+7 (340) 077-4260,kudrjavtsevrostislav,2026-02-15,0,0,2026-02-15 19:43:31,2026-02-15
113,ljubosmisl45@example.com,8 (571) 853-01-66,konstantinsokolov,2026-02-15,1,2,2026-02-15 18:29:32,2026-02-15
114,qstrelkov@example.net,+7 312 576 0740,vasili2015,2026-02-15,0,1,2026-02-15 00:41:28,2026-02-15
115,pimen62@example.com,+75703486914,okrilova,2026-02-15,1,0,2026-02-15 15:08:58,2026-02-15
116,wvlasov@example.com,+7 658 173 14 32,evfrosinijakarpova,2026-02-16,1,0,2026-02-16 09:53:02,2026-02-16
117,haritonovfedosi@example.com,+7 (385) 202-9289,vladimir_2022,2026-02-16,1,0,2026-02-16 21:21:13,2026-02-16
118,ljubov1988@example.org,8 (540) 201-4314,angelinanikonova,2026-02-16,2,0,2026-02-16 15:05:46,2026-02-16
119,kondratevaagafja@example.net,+75860916950,feoktist_1974,2026-02-16,0,0,2026-02-16 06:25:51,2026-02-16
120,vlasovfrol@example.net,8 461 817 69 51,askold61,2026-02-16,1,3,2026-02-16 01:57:50,2026-02-16
121,stanimir_2024@example.org,+7 (904) 654-0182,anzhela08,2026-02-16,3,0,2026-02-16 19:20:05,2026-02-16
122,leon98@example.net,8 (229) 744-77-05,evdokijagrigoreva,2026-02-16,1,2,2026-02-16 21:13:39,2026-02-16
123,tvorimirgurev@example.org,8 683 786 9175,mir_33,2026-02-16,2,0,2026-02-16 05:15:44,2026-02-16
124,luchezar_1987@example.org,+7 (465) 976-0173,filaret1994,2026-02-16,0,1,2026-02-16 20:08:12,2026-02-16
125,ignati97@example.org,8 (364) 389-79-58,annadavidova,2026-02-17,2,0,2026-02-17 05:35:20,2026-02-17
126,ljubomir_1992@example.org,8 (949) 290-72-47,tverdislav2021,2026-02-17,3,0,2026-02-17 03:16:05,2026-02-17
127,ilarion_67@example.com,+7 655 299 1125,vladimir13,2026-02-17,0,1,2026-02-17 19:50:55,2026-02-17
128,fortunat1992@example.net,+7 372 201 4822,pankrat2020,2026-02-17,0,0,2026-02-17 18:16:46,2026-02-17
129,parfenkonovalov@example.org,+7 (367) 730-4149,ignati2010,2026-02-17,0,0,2026-02-17 03:40:02,2026-02-17
130,luka14@example.com,8 (962) 312-76-80,sobolevanisim,2026-02-17,1,0,2026-02-17 02:00:06,2026-02-17
131,mihail1983@example.com,+70522893093,evgeninekrasov,2026-02-17,1,0,2026-02-17 13:42:38,2026-02-17
132,tihon82@example.org,+7 723 632 09 79,irinashirjaeva,2026-02-17,0,0,2026-02-17 16:40:07,2026-02-17
133,apollon_1971@example.com,+7 (885) 203-25-42,skolobov,2026-02-18,0,0,2026-02-18 10:44:03,2026-02-18
134,naumovasinklitikija@example.com,+7 (478) 994-97-33,varvara30,2026-02-18,0,1,2026-02-18 00:17:21,2026-02-18
135,samuil_22@example.net,+7 (625) 334-64-94,alekse2004,2026-02-18,2,0,2026-02-18 22:47:45,2026-02-18
136,irinakulikova@example.org,+71452288412,samuil_79,2026-02-18,1,0,2026-02-18 23:10:19,2026-02-18
137,zosipov@example.com,+7 (789) 950-39-42,gedeon2023,2026-02-18,2,0,2026-02-18 19:53:48,2026-02-18
138,akulinaemeljanova@example.org,8 (200) 782-1150,vladislav_36,2026-02-18,0,0,2026-02-18 10:20:36,2026-02-18
139,teterinakira@example.org,+7 095 584 88 84,konon1972,2026-02-19,0,2,2026-02-19 10:09:09,2026-02-19
140,evdokija_2006@example.org,8 634 823 4464,varvaragavrilova,2026-02-19,1,0,2026-02-19 14:32:39,2026-02-19
141,radovankomissarov@example.com,8 013 943 4285,seliverstovapelageja,2026-02-19,2,0,2026-02-19 17:44:10,2026-02-19
142,ladislav_1987@example.com,+7 (611) 532-35-56,galkinelizar,2026-02-19,0,0,2026-02-19 16:57:33,2026-02-19
143,mvorontsov@example.net,+7 271 859 32 69,azikov,2026-02-19,2,0,2026-02-19 08:34:53,2026-02-19
144,belozerovtimur@example.com,+72956084821,andreevleon,2026-02-19,0,1,2026-02-19 23:10:29,2026-02-19
145,bogdanovstanislav@example.com,82549471061,krasilnikovgavrila,2026-02-19,0,0,2026-02-19 15:11:42,2026-02-19
146,ipat66@example.com,+7 180 386 73 56,jakov_2018,2026-02-19,0,1,2026-02-19 14:10:53,2026-02-19
147,muhinapolina@example.net,8 695 824 1243,ukolobov,2026-02-19,2,1,2026-02-19 00:51:35,2026-02-19
148,vkalashnikov@example.org,8 169 314 7133,apollinaridjachkov,2026-02-20,0,0,2026-02-20 10:51:23,2026-02-20
149,foka49@example.org,8 (482) 930-8345,angelinaeliseeva,2026-02-20,0,0,2026-02-20 13:40:19,2026-02-20
150,poljakovemil@example.net,+7 (715) 947-54-21,tverdislav_38,2026-02-20,0,0,2026-02-20 07:43:30,2026-02-20
151,gremislav_2011@example.com,8 (279) 047-31-53,danila2024,2026-02-20,0,0,2026-02-20 17:49:49,2026-02-20
152,samuil_2016@example.org,86051835431,abelousov,2026-02-20,1,1,2026-02-20 21:52:04,2026-02-20
153,galkinaanastasija@example.net,+7 144 064 4328,ratmir_24,2026-02-20,0,0,2026-02-20 02:24:30,2026-02-20
154,klavdijazatseva@example.net,+76748061202,apollinari_70,2026-02-21,1,0,2026-02-21 00:34:52,2026-02-21
155,drozdovprov@example.net,+7 477 607 9331,frol2006,2026-02-21,2,1,2026-02-21 19:45:59,2026-02-21
156,konstantinovamarina@example.com,+7 645 582 2960,vasili15,2026-02-21,0,0,2026-02-21 12:08:14,2026-02-21
157,teterinvaleri@example.net,8 (339) 515-64-38,regina_2008,2026-02-21,0,1,2026-02-21 02:20:38,2026-02-21
158,praskovja1976@example.net,8 (271) 403-55-76,juri_42,2026-02-21,0,1,2026-02-21 15:21:59,2026-02-21
159,kopilovairina@example.net,8 (858) 545-90-36,leonid_2005,2026-02-22,1,0,2026-02-22 16:39:25,2026-02-22
160,margaritapestova@example.org,8 855 026 67 85,pelageja_11,2026-02-22,0,0,2026-02-22 22:47:43,2026-02-22
161,irinakotova@example.net,8 764 005 7757,moise2004,2026-02-22,2,0,2026-02-22 11:44:50,2026-02-22
162,hbaranov@example.net,80756473774,velimir_29,2026-02-22,0,0,2026-02-22 09:36:14,2026-02-22
163,shestakovagalina@example.net,+7 164 133 98 75,simonovaalla,2026-02-22,1,0,2026-02-22 17:36:36,2026-02-22
164,vinogradovpotap@example.com,+7 376 989 15 94,apollinari22,2026-02-22,1,0,2026-02-22 21:48:51,2026-02-22
165,kuznetsovalukija@example.net,8 089 491 45 04,krjukovaangelina,2026-02-22,0,1,2026-02-22 14:23:42,2026-02-22
166,emilija1976@example.net,8 (455) 127-95-55,filaret98,2026-02-23,0,0,2026-02-23 20:45:08,2026-02-23
167,foka1981@example.net,+7 888 055 0215,shubinaalina,2026-02-23,0,1,2026-02-23 03:23:49,2026-02-23
168,varlaam1977@example.com,+7 (268) 416-86-78,orestgerasimov,2026-02-23,1,0,2026-02-23 14:54:44,2026-02-23
169,panfillavrentev@example.org,+7 (105) 087-69-81,isakovapelageja,2026-02-23,2,0,2026-02-23 16:48:26,2026-02-23
170,nadezhdanesterova@example.com,+75464987223,jakushevalarisa,2026-02-23,1,0,2026-02-23 20:37:56,2026-02-23
171,bazhen_1982@example.com,8 (736) 842-68-51,faina1981,2026-02-23,0,0,2026-02-23 02:45:04,2026-02-23
172,agatazaharova@example.net,8 (672) 442-58-56,xvladimirov,2026-02-23,0,0,2026-02-23 10:46:43,2026-02-23
173,jaropolk84@example.com,82448799757,grigori_66,2026-02-23,1,1,2026-02-23 15:51:45,2026-02-23
174,beljaevaregina@example.com,8 (942) 819-0998,adamfedoseev,2026-02-24,0,0,2026-02-24 15:53:32,2026-02-24
175,tihon91@example.com,8 (771) 332-85-32,kapustinpimen,2026-02-24,0,1,2026-02-24 17:19:38,2026-02-24
176,rbespalova@example.org,8 662 043 3990,lavrenti_79,2026-02-24,0,1,2026-02-24 05:22:34,2026-02-24
177,lukjan_2003@example.net,+76210444282,ivan_1970,2026-02-24,2,0,2026-02-24 15:12:51,2026-02-24
178,kulakovaelena@example.com,+7 733 737 9235,rodionovanatalja,2026-02-24,1,0,2026-02-24 12:35:06,2026-02-24
179,efimovvladlen@example.net,8 696 762 2019,bignatova,2026-02-24,2,1,2026-02-24 16:56:37,2026-02-24
180,osip91@example.com,8 403 365 82 66,darja1996,2026-02-25,0,1,2026-02-25 18:42:56,2026-02-25
181,regina_54@example.net,+7 (781) 113-4918,uzikov,2026-02-25,0,1,2026-02-25 11:18:21,2026-02-25
182,zikovaalla@example.com,8 (364) 772-1753,lazar74,2026-02-25,4,0,2026-02-25 09:39:49,2026-02-25
183,iraidakozlova@example.com,+7 577 989 9128,kalashnikovaalla,2026-02-25,1,1,2026-02-25 08:00:22,2026-02-25
184,elena13@example.net,+7 (219) 469-83-38,efim45,2026-02-25,1,0,2026-02-25 00:51:18,2026-02-25
185,stojan_2018@example.net,8 (653) 025-2663,ostap_1992,2026-02-26,1,0,2026-02-26 15:23:52,2026-02-26
186,kvishnjakova@example.org,+7 (846) 352-96-95,majaustinova,2026-02-26,0,1,2026-02-26 10:31:05,2026-02-26
187,glafira2024@example.net,+7 710 837 75 93,lorabeljakova,2026-02-26,0,1,2026-02-26 17:25:08,2026-02-26
188,agatakozlova@example.com,8 (900) 727-8951,ershovaglafira,2026-02-26,1,1,2026-02-26 05:51:09,2026-02-26
189,radovan_56@example.org,+7 (777) 357-56-11,judinavarvara,2026-02-26,0,0,2026-02-26 15:40:45,2026-02-26
190,olga_1999@example.net,8 (275) 329-81-89,ipat_60,2026-02-26,0,0,2026-02-26 06:12:08,2026-02-26
191,eduard72@example.org,+7 (842) 235-53-65,ivan_1972,2026-02-26,0,1,2026-02-26 10:06:03,2026-02-26
192,ustinovaivanna@example.org,8 861 635 5164,velimir_36,2026-02-27,0,1,2026-02-27 09:44:06,2026-02-27
193,htimofeev@example.com,+7 (731) 848-4186,fedosi91,2026-02-27,2,2,2026-02-27 18:29:05,2026-02-27
194,kira_1997@example.net,+75336200363,wkiselev,2026-02-27,1,1,2026-02-27 13:34:01,2026-02-27
195,rubenzaharov@example.net,+7 204 299 3888,davidovdemid,2026-02-27,0,1,2026-02-27 09:06:00,2026-02-27
196,maslovaevfrosinija@example.org,+76470127980,nikodim_2021,2026-02-27,0,1,2026-02-27 12:03:23,2026-02-27
197,dsolovev@example.net,+7 (833) 965-3616,timofeilin,2026-02-27,2,1,2026-02-27 19:37:56,2026-02-27
198,lidija_60@example.org,+72141355328,klavdijakornilova,2026-02-27,1,1,2026-02-27 18:39:59,2026-02-27
199,dorofe_06@example.org,8 (656) 789-33-37,taras22,2026-02-28,2,1,2026-02-28 15:43:41,2026-02-28
200,karpsharapov@example.com,8 (623) 524-5036,vgavrilova,2026-02-28,1,0,2026-02-28 07:16:09,2026-02-28
201,evgenija1970@example.com,+7 (713) 908-95-05,alinaseliverstova,2026-02-28,2,0,2026-02-28 02:54:17,2026-02-28
202,margaritanoskova@example.com,+7 757 308 84 29,olimpiadaponomareva,2026-02-28,0,0,2026-02-28 20:59:49,2026-02-28
203,darja_03@example.net,+7 275 535 5605,nonnazhukova,2026-02-28,0,1,2026-02-28 22:57:59,2026-02-28
204,silanti72@example.net,8 (997) 680-7535,noskovatatjana,2026-02-28,0,1,2026-02-28 05:25:43,2026-02-28
205,subbotinaalevtina@example.com,+7 337 738 03 40,anikezuev,2026-02-28,0,1,2026-02-28 02:09:15,2026-02-28
206,lidija_80@example.net,+7 (258) 621-4708,apollinari90,2026-02-28,0,0,2026-02-28 11:05:22,2026-02-28
